"productName","productFinalPrice","discounts","productRealPrice","vendor","location","rate"
"Roti Tawar Choco Chip","Rp 12.750","-15%","Rp 15.000","Sari Roti","Jakarta Selatan","0"
"Roti Tawar","Rp 10.200","-15%","Rp 12.000","Sari Roti","Jakarta Selatan","5"
"Roti Tawar Kupas","Rp 12.325","-15%","Rp 14.500","Sari Roti","Jakarta Selatan","0"
"Roti Tawar Double Soft","Rp 15.300","-15%","Rp 18.000","Sari Roti","Jakarta Selatan","0"
"Roti Tawar Gandum","Rp 15.300","-15%","Rp 18.000","Sari Roti","Jakarta Selatan","0"
"Burger Bun","Rp 10.000","0%","Rp 10.000","Sari Roti","Jakarta Selatan","0"
"HEAT N EAT Ayam Rica Merah 200gr","Rp 35.260","0%","Rp 35.260","Glomart","Jakarta Timur","5"
"FRONTE Sosis Beef Breakfast Beef Sosis Hotel 1kg","Rp 73.799","0%","Rp 73.799","Glomart","Jakarta Timur","4.96"
"FRONTE Sosis Beef Cheesy 360gr","Rp 54.119","0%","Rp 54.119","Glomart","Jakarta Timur","4.87"
"HEAT N EAT Daging Rendang 200gr","Rp 73.492","0%","Rp 73.492","Glomart","Jakarta Timur","4.5"
"MYDIBEL Kentang Premium Crunch 2.5Kg","Rp 83.258","0%","Rp 83.258","Glomart","Jakarta Timur","4.97"
"FRONTE Smoked Beef 500gr","Rp 67.855","0%","Rp 67.855","Glomart","Jakarta Timur","5"
"HEAT N EAT Ayam Bakar Bumbu Bali 200gr","Rp 35.260","0%","Rp 35.260","Glomart","Jakarta Timur","5"
"HEAT N EAT Ayam Woku 200gr","Rp 35.260","0%","Rp 35.260","Glomart","Jakarta Timur","5"
"FRONTE Sosis Beef Frankfurter 500gr","Rp 42.639","0%","Rp 42.639","Glomart","Jakarta Timur","4.87"
"FRONTE Sosis Beef Bockwurst 360gr","Rp 52.889","0%","Rp 52.889","Glomart","Jakarta Timur","4.95"
"Indomie Goreng","Rp 2.450","0%","Rp 2.450","Mekar Jaya","Sleman","0"
"FRONTE Sosis Beef Blackpepper 360gr","Rp 53.607","0%","Rp 53.607","Glomart","Jakarta Timur","4.96"
"Indomie Kuah Rasa Ayam Bawang","Rp 2.347","0%","Rp 2.347","Mekar Jaya","Sleman","0"
"MIE SHIRATAKI","Rp 46.000","0%","Rp 46.000","Tuku Tuku Natural","Tangerang Selatan","0"
"POPMIE Jumbo Rasa Baso Dus Isi 24 Cup","Rp 89.691","0%","Rp 89.691","Grosir Karawaci","Tangerang","0"
"POPMIE Jumbo Rasa Soto Ayam Dus 24 Cup","Rp 89.691","0%","Rp 89.691","Grosir Karawaci","Tangerang","0"
"SARIMI Isi 2 Kuah Gulai 115g 24 Pcs","Rp 65.980","0%","Rp 65.980","Grosir Karawaci","Tangerang","0"
"GD-Tofu Udang Kong Kee","Rp 7.500","0%","Rp 7.500","Gudang Dapur","Padang","5"
"KATUJU Rendang Lokan 250gr / Pouch","Rp 70.000","0%","Rp 70.000","KATUJU INDONESIA","Padang","0"
"INDOMIE Soto Dus 40 Pcs","Rp 86.597","0%","Rp 86.597","Grosir Karawaci","Tangerang","0"
"INDOMIE Goreng Special Dus 40 Pcs","Rp 91.752","0%","Rp 91.752","Grosir Karawaci","Tangerang","0"
"INDOMIE Goreng Aceh Dus 40 Pcs","Rp 91.752","0%","Rp 91.752","Grosir Karawaci","Tangerang","0"
"INDOMIE Ayam Geprek Dus 40 Pcs","Rp 91.752","0%","Rp 91.752","Grosir Karawaci","Tangerang","0"
"SARIMI Isi 2 Kuah Kari Ayam Dus 24 Pcs","Rp 65.980","0%","Rp 65.980","Grosir Karawaci","Tangerang","5"
"SARIMI Isi 2 Goreng Ayam Kecap 126g 24 Pcs","Rp 71.134","0%","Rp 71.134","Grosir Karawaci","Tangerang","0"
"UDANG GALAK Kerupuk Udang 250 gr","Rp 12.000","0%","Rp 12.000","Toko Arsya","Cirebon","0"
"POPMIE Jumbo Rasa Kari Dus 24 Cup","Rp 89.691","0%","Rp 89.691","Grosir Karawaci","Tangerang","0"
"SARIMI Isi 2 Kuah Tongseng 120g 24 Pcs","Rp 65.980","0%","Rp 65.980","Grosir Karawaci","Tangerang","5"
"SARIMI Isi 2 Goreng Teri Pedas 125g 24 Pcs","Rp 71.134","0%","Rp 71.134","Grosir Karawaci","Tangerang","0"
"SARIMI Isi 2 Kuah Mie Dok Dok 120g 24 Pcs","Rp 65.980","0%","Rp 65.980","Grosir Karawaci","Tangerang","0"
"MIE SEBLAK Instant","Rp 92.000","0%","Rp 92.000","PT Global Nara Sadhana","Mojokerto","0"
"UDANG GALAK Kerupuk Udang 250 gr","Rp 12.000","0%","Rp 12.000","Toko Alvian","Cirebon","0"
"INDOMIE Kari Ayam Dus 40 Pcs","Rp 92.783","0%","Rp 92.783","Grosir Karawaci","Tangerang","0"
"SARIMI Isi 2 Kuah Ayam Bawang 115g 24 Pcs","Rp 65.980","0%","Rp 65.980","Grosir Karawaci","Tangerang","5"
"SARIMI Isi 2 Kuah Soto Dus 113g 24 Pcs","Rp 65.980","0%","Rp 65.980","Grosir Karawaci","Tangerang","5"
"SARIMI Isi 2 Kuah Baso Sapi 115g 24 Pcs","Rp 65.980","0%","Rp 65.980","Grosir Karawaci","Tangerang","5"
"SARIMI Isi 2 Goreng Ayam Kremes 125g 24 Pcs","Rp 71.134","0%","Rp 71.134","Grosir Karawaci","Tangerang","0"
"INDOMIE Goreng Dus Isi 40 Pcs","Rp 90.000","0%","Rp 90.000","Troceries","Tangerang","0"
"INDOMIE Goreng Rendang Dus 40 Pcs","Rp 91.752","0%","Rp 91.752","Grosir Karawaci","Tangerang","0"
"INDOMIE Goreng Sambal Rica Rica Dus 40 Pcs","Rp 91.752","0%","Rp 91.752","Grosir Karawaci","Tangerang","0"
"INDOMIE Ayam Bawang Dus 40 Pcs","Rp 86.597","0%","Rp 86.597","Grosir Karawaci","Tangerang","5"
"INDOMIE Goreng Iga Penyet Dus 40 Pcs","Rp 91.752","0%","Rp 91.752","Grosir Karawaci","Tangerang","0"
"POPMIE Jumbo Rasa Ayam Dus 24 Cup","Rp 89.691","0%","Rp 89.691","Grosir Karawaci","Tangerang","0"
"INDOMIE Ayam Bawang Dus Isi 40 Pcs","Rp 87.500","0%","Rp 87.500","Troceries","Tangerang","0"
"Ramen Bakso Sapi","Rp 23.600","0%","Rp 23.600","RAMEN HIROSHIMA PADANG","Padang","5"
"Ramen Bakso Ikan Goreng","Rp 17.500","0%","Rp 17.500","RAMEN HIROSHIMA PADANG","Padang","5"
"Ice Cream Sundae Cokelat Strawberry","Rp 9.300","0%","Rp 9.300","RAMEN HIROSHIMA PADANG","Padang","5"
"Ramen Karaage","Rp 25.700","0%","Rp 25.700","RAMEN HIROSHIMA PADANG","Padang","0"
"Ramen Katsu","Rp 25.700","0%","Rp 25.700","RAMEN HIROSHIMA PADANG","Padang","5"
"Takoyaki Ayam","Rp 12.400","0%","Rp 12.400","RAMEN HIROSHIMA PADANG","Padang","5"
"Ramen Fish Role","Rp 23.600","0%","Rp 23.600","RAMEN HIROSHIMA PADANG","Padang","0"
"Nasi Beef Kari","Rp 23.600","0%","Rp 23.600","RAMEN HIROSHIMA PADANG","Padang","0"
"Nasi Katsu Kari","Rp 19.200","0%","Rp 19.200","RAMEN HIROSHIMA PADANG","Padang","5"
"Ramen Rolade Sapi","Rp 23.600","0%","Rp 23.600","RAMEN HIROSHIMA PADANG","Padang","5"
"Ramen Bakso Ikan","Rp 17.500","0%","Rp 17.500","RAMEN HIROSHIMA PADANG","Padang","0"
"Nasi Karaage","Rp 17.500","0%","Rp 17.500","RAMEN HIROSHIMA PADANG","Padang","0"
"Nasi Karaage Teriyaki","Rp 19.200","0%","Rp 19.200","RAMEN HIROSHIMA PADANG","Padang","0"
"Fishrole","Rp 3.100","0%","Rp 3.100","RAMEN HIROSHIMA PADANG","Padang","5"
"Nasi Katsu","Rp 17.500","0%","Rp 17.500","RAMEN HIROSHIMA PADANG","Padang","0"
"Nasi Chicken Teriyaki","Rp 19.200","0%","Rp 19.200","RAMEN HIROSHIMA PADANG","Padang","0"
"Takoyaki Gurita","Rp 12.400","0%","Rp 12.400","RAMEN HIROSHIMA PADANG","Padang","5"
"Ramen Bola Keju","Rp 23.600","0%","Rp 23.600","RAMEN HIROSHIMA PADANG","Padang","5"
"Nasi Karaage Asam Manis","Rp 19.200","0%","Rp 19.200","RAMEN HIROSHIMA PADANG","Padang","0"
"Ramen Chicken Teriyaki","Rp 23.600","0%","Rp 23.600","RAMEN HIROSHIMA PADANG","Padang","5"
"Ramen Otak Otak","Rp 17.500","0%","Rp 17.500","RAMEN HIROSHIMA PADANG","Padang","5"
"Ramen Smoked Beef","Rp 25.700","0%","Rp 25.700","RAMEN HIROSHIMA PADANG","Padang","5"
"Ramen Beef Patties","Rp 25.700","0%","Rp 25.700","RAMEN HIROSHIMA PADANG","Padang","0"
"Ramen Crab Stick","Rp 23.600","0%","Rp 23.600","RAMEN HIROSHIMA PADANG","Padang","5"
"Yakisoba Telur","Rp 12.400","0%","Rp 12.400","RAMEN HIROSHIMA PADANG","Padang","0"
"Ramen Bakso Ikan Salmon","Rp 23.600","0%","Rp 23.600","RAMEN HIROSHIMA PADANG","Padang","5"
"Okonomiyaki Gurita","Rp 15.400","0%","Rp 15.400","RAMEN HIROSHIMA PADANG","Padang","5"
"Nasi Chicken Kari","Rp 19.200","0%","Rp 19.200","RAMEN HIROSHIMA PADANG","Padang","0"
"Ramen Tofu Ikan","Rp 17.500","0%","Rp 17.500","RAMEN HIROSHIMA PADANG","Padang","5"
"Ramen Sosis Jumbo","Rp 25.700","0%","Rp 25.700","RAMEN HIROSHIMA PADANG","Padang","5"
"Ramen Tofu","Rp 17.500","0%","Rp 17.500","RAMEN HIROSHIMA PADANG","Padang","5"
"Yakisoba Otak Otak","Rp 13.400","0%","Rp 13.400","RAMEN HIROSHIMA PADANG","Padang","0"
"Nasi Karaagee Blackpaper","Rp 19.200","0%","Rp 19.200","RAMEN HIROSHIMA PADANG","Padang","0"
"Kaijo NRF Mangon IQ","Rp 45.000.000","0%","Rp 45.000.000","NEKAD ROOSTER FARM","Tangerang","0"
"Fly NRF Mangon","Rp 40.000.000","0%","Rp 40.000.000","NEKAD ROOSTER FARM","Tangerang","0"
"Lemon NRF Pakhoy","Rp 21.500.000","0%","Rp 21.500.000","NEKAD ROOSTER FARM","Tangerang","0"
"INDOMIE Goreng Hype Ayam Geprek 350ml","Rp 2.800","0%","Rp 2.800","MINANG MART","Padang","0"
"INDOMIE Kari Ayam 40pcs/Dus","Rp 92.000","0%","Rp 92.000","TOKO MILA","Palembang","0"
"AYAM 2 TELOR Mie Telor Lebar Keriting 200gr","Rp 73.700","0%","Rp 73.700","PT SEMAR KENCANA SEJATI","Sidoarjo","0"
"BIHUNKU Bihun Instant Ayam Bawang 55gr 1 Karton","Rp 72.000","0%","Rp 72.000","PT SEMAR KENCANA SEJATI","Sidoarjo","0"
"BIHUNKU Bihun Instant White Curry 55gr","Rp 83.000","0%","Rp 83.000","PT SEMAR KENCANA SEJATI","Sidoarjo","0"
"SO NICE Sosis Ayam 375 Gr","Rp 14.500","0%","Rp 14.500","Toko Nenny","Cirebon","0"
"Indomie Goreng Dus @40 Pcs x Dus","Rp 192.000","0%","Rp 192.000","Ofel Convenience Store","Bekasi","0"
"INDOMIE Goreng Dus isi 40 pcs","Rp 91.000","0%","Rp 91.000","CV Wijaya santoso","Surabaya","0"
"INDOMIE Kari Ayam 70g","Rp 94.900","0%","Rp 94.900","Big Mart","Tangerang","5"
"Potret NRF","Rp 27.000.000","0%","Rp 27.000.000","NEKAD ROOSTER FARM","Tangerang","0"
"Romlah NRF","Rp 30.000.000","0%","Rp 30.000.000","NEKAD ROOSTER FARM","Tangerang","0"
"Minutes NRF Burma","Rp 55.000.000","0%","Rp 55.000.000","NEKAD ROOSTER FARM","Tangerang","0"
"Sisik Sakti NRF ThaiKhoy","Rp 28.500.000","0%","Rp 28.500.000","NEKAD ROOSTER FARM","Tangerang","0"
"Keling NRF Mangon IQ","Rp 37.000.000","0%","Rp 37.000.000","NEKAD ROOSTER FARM","Tangerang","0"
"Ganteng NRF Mangon IQ","Rp 22.000.000","0%","Rp 22.000.000","NEKAD ROOSTER FARM","Tangerang","0"
"PIONEER Bihun Jagung 280 gr","Rp 44.000","0%","Rp 44.000","CV Lautan Berkat","Bantul","0"
"MIE SEDAP Goreng pcs","Rp 2.250","0%","Rp 2.250","BIG MART PALEMBANG","Palembang","5"
"Stick Ayam Crispy","Rp 42.200","0%","Rp 42.200","MM Distributor","Semarang","0"
"INDOMIE Kari Ayam 40 Pcs/ctn","Rp 98.000","0%","Rp 98.000","Toko Dua Satu","Pekanbaru","0"
"Telur ayam ras isi 30","Rp 40.000","0%","Rp 40.000","TOSERBA UDA","Padang","5"
"WAFER VERITOP ISI 30","Rp 60.500","0%","Rp 60.500","CV Wijaya santoso","Surabaya","0"
"INDOMIE Ayam Bawang Dus 240 pcs x 2 Dus","Rp 180.592","0%","Rp 180.592","Ofel Convenience Store","Bekasi","0"
"Mommy NRF","Rp 45.000.000","0%","Rp 45.000.000","NEKAD ROOSTER FARM","Tangerang","0"
"Bulbi NRF ThaiNgon","Rp 29.000.000","0%","Rp 29.000.000","NEKAD ROOSTER FARM","Tangerang","0"
"Bences NRF Mangon Iq","Rp 37.500.000","0%","Rp 37.500.000","NEKAD ROOSTER FARM","Tangerang","0"
"Shogun NRF Mangon","Rp 37.500.000","0%","Rp 37.500.000","NEKAD ROOSTER FARM","Tangerang","0"
"Samurai JR NRF Mangon IQ","Rp 33.500.000","0%","Rp 33.500.000","NEKAD ROOSTER FARM","Tangerang","0"
"Chili NRF Pakhoy","Rp 45.000.000","0%","Rp 45.000.000","NEKAD ROOSTER FARM","Tangerang","0"
"POP MIE Pedas Dower Rasa Ayam Pedas 20x20gr","Rp 5.500","0%","Rp 5.500","MINANG MART","Padang","0"
"INDOMIE Soto Mie 70GR","Rp 87.500","0%","Rp 87.500","Troceries","Tangerang","0"
"KATUJU Rendang Daging Sapi 250gr / Pouch","Rp 75.000","0%","Rp 75.000","KATUJU INDONESIA","Padang","0"
"INDOMIE Goreng Dus 40 Pcs","Rp 92.000","0%","Rp 92.000","TOKO MILA","Palembang","0"
"INDOMIE Kari Ayam 1 Dus isi 40pcs","Rp 97.000","0%","Rp 97.000","TOSERBA UDA","Padang","5"
"Telur Ayam per 30 butir","Rp 45.000","0%","Rp 45.000","Toko Dua Satu","Pekanbaru","0"
"INDOMIE Goreng Special 85gr 1Karton Isi 40pcs","Rp 90.000","0%","Rp 90.000","Anugerah Jaya Abadi","Banyumas","0"
"AYAM 2 TELOR Mie Telor Regular 200gr","Rp 73.700","0%","Rp 73.700","PT SEMAR KENCANA SEJATI","Sidoarjo","0"
"SO NICE Chicken Nugget 250 Gr","Rp 12.500","0%","Rp 12.500","Toko Nenny","Cirebon","5"
"SEDAAP Mie Goreng 40pcs 1 Karton","Rp 89.800","0%","Rp 89.800","BIG MART PALEMBANG","Palembang","5"
"Scandia Choco Chips Coklat 3kg (1 dus isi 4)","Rp 508.700","0%","Rp 508.700","Aladin Jaya","Bandar Lampung","0"
"INDOMIE Goreng Special Plus Isi 40 Pcs","Rp 92.886","0%","Rp 92.886","Double Win","Jakarta Utara","5"
"Lumut Hijau NRF","Rp 55.000.000","0%","Rp 55.000.000","NEKAD ROOSTER FARM","Tangerang","0"
"Trad NRF Trad x KhoyNgon","Rp 15.500.000","0%","Rp 15.500.000","NEKAD ROOSTER FARM","Tangerang","0"
"Kejora NRF ThaiKhoy","Rp 18.000.000","0%","Rp 18.000.000","NEKAD ROOSTER FARM","Tangerang","0"
"Rolas Jr Mangon","Rp 22.000.000","0%","Rp 22.000.000","NEKAD ROOSTER FARM","Tangerang","0"
"Speed NRF Mangon","Rp 29.000.000","0%","Rp 29.000.000","NEKAD ROOSTER FARM","Tangerang","0"
"Glepok NRF Mangon","Rp 50.000.000","0%","Rp 50.000.000","NEKAD ROOSTER FARM","Tangerang","0"
"pempek","Rp 42.200","0%","Rp 42.200","MM Distributor","Semarang","0"
"ayam rempah","Rp 63.200","0%","Rp 63.200","MM Distributor","Semarang","0"
"BIHUNKU Bihun Instant Soto Spesial 55gr 1 Karton","Rp 72.000","0%","Rp 72.000","PT SEMAR KENCANA SEJATI","Sidoarjo","0"
"BIHUNKU Bihun Instant Goreng Spesial 60gr","Rp 83.000","0%","Rp 83.000","PT SEMAR KENCANA SEJATI","Sidoarjo","0"
"MIE SEDAAP Ayam Bawang","Rp 81.000","0%","Rp 81.000","UD CEMERLANG","Bandung","0"
"ROMA WAFER SUPERSTAR 12 PCS X 12 BOX","Rp 121.500","0%","Rp 121.500","CV Wijaya santoso","Surabaya","0"
"DJARUM Super","Rp 175.000","0%","Rp 175.000","Maju Mandiri Sejahtera","Tangerang Selatan","0"
"MIE SEDAAP Goreng","Rp 88.000","0%","Rp 88.000","CV Wijaya santoso","Surabaya","0"
"MIE SEDAAP Goreng 40 pcs / ctn","Rp 85.000","0%","Rp 85.000","UD CEMERLANG","Bandung","0"
"INDOMIE Soto Isi 40 Pcs","Rp 87.421","0%","Rp 87.421","Double Win","Jakarta Utara","0"
"Api NRF Burma IQ","Rp 55.000.000","0%","Rp 55.000.000","NEKAD ROOSTER FARM","Tangerang","0"
"Rangkas NRF Khoyngon","Rp 20.000.000","0%","Rp 20.000.000","NEKAD ROOSTER FARM","Tangerang","0"
"Kalender NRF Mangon IQ","Rp 40.000.000","0%","Rp 40.000.000","NEKAD ROOSTER FARM","Tangerang","0"
"Celeng Jr NRF Mangon Iq","Rp 35.000.000","0%","Rp 35.000.000","NEKAD ROOSTER FARM","Tangerang","0"
"Yakuza NRF Mangon IQ","Rp 45.000.000","0%","Rp 45.000.000","NEKAD ROOSTER FARM","Tangerang","0"
"KATUJU Rendang Tuna 250gr / Pouch","Rp 75.000","0%","Rp 75.000","KATUJU INDONESIA","Padang","0"
"INDOMIE Goreng 1dus isi 40pcs","Rp 97.000","0%","Rp 97.000","TOSERBA UDA","Padang","5"
"INDOMIE Goreng Dus 40 Pcs","Rp 98.000","0%","Rp 98.000","Toko Dua Satu","Pekanbaru","0"
"chung jung one dried seaweed - myeok 100 gr","Rp 971.500","0%","Rp 971.500","Midas Store","Bekasi","0"
"chung jung one nori 6+3 - rumput laut","Rp 46.700.022","0%","Rp 46.700.022","Midas Store","Bekasi","0"
"SO NICE Chicken Stick 250 gr","Rp 12.500","0%","Rp 12.500","Toko Nenny","Cirebon","5"
"Mie Sedap Soto 75GR","Rp 84.500","0%","Rp 84.500","CV Wijaya santoso","Surabaya","0"
"Scandia Choco Biz Cokelat 1 Kg (isi 6)","Rp 287.100","0%","Rp 287.100","Aladin Jaya","Bandar Lampung","0"
"NONGSHIM Neoguri 30 x 120 Gr","Rp 256.980","0%","Rp 256.980","Warung Sukanda","Bekasi","0"
"NONGSHIM Kimchi Ramyun 16 x 117 Gr","Rp 211.616","0%","Rp 211.616","Warung Sukanda","Bekasi","0"
"Faika Shop Spicy Chicken Mini Isi 15","Rp 21.000","0%","Rp 21.000","Faika Shop","Jakarta Timur","0"
"LAZIZI Rendang Jamur Tiram No Chili 150gr","Rp 45.000","0%","Rp 45.000","Pesona Nusantara","Jakarta Barat","0"
"Faika Shop Ebi Furay Isi 12","Rp 34.500","0%","Rp 34.500","Faika Shop","Jakarta Timur","0"
"NONGSHIM Korean Clay Pot Ramyun 24 x 70 Gr","Rp 241.848","0%","Rp 241.848","Warung Sukanda","Bekasi","0"
"LAZIZI Rendang Daging Sapi 150gr","Rp 54.000","0%","Rp 54.000","Pesona Nusantara","Jakarta Barat","0"
"MrJelly Leci 15 gr","Rp 4.000","0%","Rp 4.000","Natura International","Jakarta Barat","0"
"AJWA Kurma Nabi Asli Madinah 1 Kg","Rp 310.000","0%","Rp 310.000","tuppy ceria","Bekasi","0"
"BUNONI Bawang Teri Pedas 100gr","Rp 42.000","0%","Rp 42.000","Pesona Nusantara","Jakarta Barat","0"
"LAZIZI Rica Rica Jamur Tiram 150gr","Rp 45.000","0%","Rp 45.000","Pesona Nusantara","Jakarta Barat","0"
"Ramen Gorilla Kuah Kari Super Pedas Instant Noodle","Rp 11.000","0%","Rp 11.000","BKenz","Surabaya","0"
"Ramen Gorilla Yamie Goreng Kari Super Spicy Instant Noodle","Rp 11.000","0%","Rp 11.000","BKenz","Surabaya","0"
"MrJelly Leci 10 gr","Rp 1.600","0%","Rp 1.600","Natura International","Jakarta Barat","5"
"Daily Delight Dog Food Wet Beef 700 Gram","Rp 45.500","0%","Rp 45.500","Haagen Petshop","Jakarta Barat","0"
"Brownies Coklat Blueberry Topping Full Keju yang LEMBUT dan LEZAT","Rp 39.000","0%","Rp 39.000","Teddy Mart","Jakarta Pusat","5"
"MrJelly Stroberi 15 gr","Rp 5.000","0%","Rp 5.000","Natura International","Jakarta Barat","5"
"Abon Sapi","Rp 120.000","0%","Rp 120.000","Toko Ratna","Surakarta (solo)","0"
"MrJelly Stroberi 10 gr","Rp 2.300","0%","Rp 2.300","Natura International","Jakarta Barat","0"
"Faika Shop Dimsum Siomay Udang Isi 10","Rp 17.200","0%","Rp 17.200","Faika Shop","Jakarta Timur","0"
"SR Bawang Merah Goreng Sumenep","Rp 6.700","0%","Rp 6.700","Bawang Goreng SR","Tangerang","0"
"NONGSHIM Shin Ramyun 30 x 120 Gr","Rp 256.980","0%","Rp 256.980","Warung Sukanda","Bekasi","0"
"CANKITA Bawang Goreng 50gr","Rp 20.000","0%","Rp 20.000","Morning Chocolate","Jakarta Barat","5"
"MAMA KIMO Sambal Bawang Baby Cumi","Rp 29.500","0%","Rp 29.500","toserda","Bandung","0"
"Dalmat Pembasmi Segala Macam Kutu","Rp 60.600","0%","Rp 60.600","Haagen Petshop","Jakarta Barat","0"
"Mr Jelly Mangga 10 gr","Rp 1.600","0%","Rp 1.600","Natura International","Jakarta Barat","5"
"MrJelly Mangga 15 gr","Rp 4.000","0%","Rp 4.000","Natura International","Jakarta Barat","5"
"Catering Menu C","Rp 62.000","0%","Rp 62.000","MADANI WEDDING CATERING","Padang","0"
"Kripik Balado 250 gr Panjang Christine Hakim / Sanjai Balado","Rp 23.000","0%","Rp 23.000","Kripik Balado Christine Hakim","Padang","0"
"SRITI Abon Sapi Bawang Besar 2pcs","Rp 52.000","0%","Rp 52.000","Pesona Nusantara","Jakarta Barat","0"
"SRITI Abon Sapi Manis Kecil","Rp 45.000","0%","Rp 45.000","Pesona Nusantara","Jakarta Barat","0"
"PUYO Puding Silky Dessert","Rp 11.000","0%","Rp 11.000","Puyo Silky Desserts","Tangerang Selatan","0"
"Dendeng Enaaak Sapi Masak SIAP SANTAP PRAKTIS GURIH MAKNYUS PUAS HALAL - Pedas","Rp 90.000","0%","Rp 90.000","TOSERBU","Jakarta Barat","0"
"Faika Shop Dimsum Siomay Udang Isi 20","Rp 34.500","0%","Rp 34.500","Faika Shop","Jakarta Timur","0"
"SAMYANG Nuclear 2x Spicy","Rp 20.000","0%","Rp 20.000","Morning Chocolate","Jakarta Barat","0"
"CANKITA Bawang Goreng 100gr","Rp 30.000","0%","Rp 30.000","Morning Chocolate","Jakarta Barat","5"
"SAMYANG Spicy Hot Chicken Ramen Buldak 5pcs","Rp 16.000","0%","Rp 16.000","Pink Store","Depok","5"
"SRITI Abon Sapi Bawang Kecil 2pcs","Rp 52.800","0%","Rp 52.800","Pesona Nusantara","Jakarta Barat","0"
"SRITI Abon Sapi Manis Besar","Rp 86.000","0%","Rp 86.000","Pesona Nusantara","Jakarta Barat","0"
"Kurma 250g","Rp 18.000","0%","Rp 18.000","Genki Plant","Jakarta Utara","5"
"Nasi Liwet Instant Beras Merah Isi 3pcs Teri Jambal Cumi","Rp 74.000","0%","Rp 74.000","Pesona Nusantara","Jakarta Barat","0"
"LAZIZI Black Pepper Ayam Suwir 150gr","Rp 45.000","0%","Rp 45.000","Pesona Nusantara","Jakarta Barat","0"
"NYEKERMEN Kacang Teri Asin","Rp 72.000","0%","Rp 72.000","Pesona Nusantara","Jakarta Barat","0"
"Leggos Bolognase Pasta Sauce 500gr","Rp 68.000","0%","Rp 68.000","CV. Tigana Sukses","Tangerang","5"
"Leggos Bolognase With Bacon Tomato &amp; Herbs 500gr","Rp 68.000","0%","Rp 68.000","CV. Tigana Sukses","Tangerang","0"
"Faika Shop Shrimp Roll Mini Isi 15","Rp 21.200","0%","Rp 21.200","Faika Shop","Jakarta Timur","0"
"PROMO BUY 1 Get 1 Kanokwan Tom Yum Paste 1000gr","Rp 133.500","0%","Rp 133.500","CV. Tigana Sukses","Tangerang","0"
"PICNIC Cemilan Dodol Garut","Rp 29.290","0%","Rp 29.290","TokoKeren","Jakarta Barat","0"
"Lasagna Ikan Udang 6pcs","Rp 94.000","0%","Rp 94.000","Pesona Nusantara","Jakarta Barat","0"
"Nasi Liwet Instant Beras Organik Isi 3pcs Teri Jambal Cumi","Rp 78.000","0%","Rp 78.000","Pesona Nusantara","Jakarta Barat","0"
"LAZIZI Rendang Sapi Suwir 900gr","Rp 306.000","0%","Rp 306.000","Pesona Nusantara","Jakarta Barat","0"
"NYEKERMEN Ceker Judes Isi 10pcs","Rp 33.000","0%","Rp 33.000","Pesona Nusantara","Jakarta Barat","0"
"MrJelly Anggur 10 gr","Rp 1.600","0%","Rp 1.600","Natura International","Jakarta Barat","5"
"LAZIZI Rendang Daging Sapi No Chili 150gr","Rp 54.000","0%","Rp 54.000","Pesona Nusantara","Jakarta Barat","0"
"LAZIZI Rendang Ayam Suwir 900gr","Rp 255.000","0%","Rp 255.000","Pesona Nusantara","Jakarta Barat","0"
"LAZIZI Tiram Balado 150gr","Rp 45.000","0%","Rp 45.000","Pesona Nusantara","Jakarta Barat","0"
"NYEKERMEN Ceker Duduk Manis Isi 10pcs","Rp 30.000","0%","Rp 30.000","Pesona Nusantara","Jakarta Barat","0"
"NYEKERMEN Sayap Melilit Isi 5pcs","Rp 52.000","0%","Rp 52.000","Pesona Nusantara","Jakarta Barat","0"
"MrJelly Coklat 30 gr","Rp 5.000","0%","Rp 5.000","Natura International","Jakarta Barat","5"
"IKO RENDANG Makanan Kemasan 250 Gr Rendang Sapi Kering","Rp 68.000","0%","Rp 68.000","Iko Rendang","Tangerang","5"
"LOC Ikan Asin Jambrong / Lumbon / Sitting Duri Lunak 1 Kg","Rp 78.000","0%","Rp 78.000","Jambal Roti Cilacap","Cilacap","0"
"Doris Bedak Kutu N Medicated For Dog N Cat 100 ml","Rp 20.200","0%","Rp 20.200","Haagen Petshop","Jakarta Barat","0"
"Hills Science Diet Adult Small N Toy 2Kg","Rp 141.400","0%","Rp 141.400","Haagen Petshop","Jakarta Barat","0"
"Naget Ikan Original 400 gr","Rp 24.000","0%","Rp 24.000","MINAKU SHOP","Padang","0"
"MrJelly Melon 15 gr","Rp 4.000","0%","Rp 4.000","Natura International","Jakarta Barat","0"
"CHRISTINE HAKIM Rendang Basah 250gr","Rp 60.000","0%","Rp 60.000","Kripik Balado Christine Hakim","Padang","0"
"Edgell Slices Beetroot 425gr","Rp 30.000","0%","Rp 30.000","CV. Tigana Sukses","Tangerang","0"
"Paldo Bulnak Bokkumyun Noodle / Hot Spicy Octopus Ramen - Mie Instan","Rp 14.500","0%","Rp 14.500","indofresco","Jakarta Barat","5"
"IKO RENDANG Makanan Kemasan 250 Gr Rendang Sapi Basah","Rp 68.000","0%","Rp 68.000","Iko Rendang","Tangerang","5"
"NONGSHIM Shin Ramyun 16 x 117 Gr","Rp 211.616","0%","Rp 211.616","Warung Sukanda","Bekasi","0"
"NONGSHIM Korean Clay Pot Ramyun 30 x 120 Gr","Rp 256.980","0%","Rp 256.980","Warung Sukanda","Bekasi","0"
"NONGSHIM Korean Clay Pot Ramyun 16 x 117 Gr","Rp 211.616","0%","Rp 211.616","Warung Sukanda","Bekasi","0"
"LAZIZI Black Pepper Jamur Tiram 150gr","Rp 45.000","0%","Rp 45.000","Pesona Nusantara","Jakarta Barat","0"
"NYEKERMEN Sayap Duduk Manis Isi 5pcs","Rp 42.000","0%","Rp 42.000","Pesona Nusantara","Jakarta Barat","0"
"Sajo Dangmyeon / Korea Vermicelli / Soun Korea 500 gr","Rp 85.000","0%","Rp 85.000","indofresco","Jakarta Barat","0"
"Jamur Putih","Rp 80.000","0%","Rp 80.000","Toko Ratna","Surakarta (solo)","0"
"Faika Shop Shrimp Roll Isi 10","Rp 17.200","0%","Rp 17.200","Faika Shop","Jakarta Timur","0"
"LAZIZI Black Pepper Sapi Suwir 150gr","Rp 54.000","0%","Rp 54.000","Pesona Nusantara","Jakarta Barat","0"
"LOC Ikan Asin Lendra / Ikan Lidah Kering 1 Kg","Rp 77.000","0%","Rp 77.000","Jambal Roti Cilacap","Cilacap","5"
"Kanokwan All Purposes Stir Fry Sauce 200gr","Rp 35.000","0%","Rp 35.000","CV. Tigana Sukses","Tangerang","5"
"Nasi Liwet Instant Beras Spesial Ekstra Ikan Isi 3pcs","Rp 70.000","0%","Rp 70.000","Pesona Nusantara","Jakarta Barat","0"
"NONGSHIM Shin Ramyun 24 x 72 Gr","Rp 241.848","0%","Rp 241.848","Warung Sukanda","Bekasi","0"
"Faika Shop Ebi Furay Isi 6","Rp 17.200","0%","Rp 17.200","Faika Shop","Jakarta Timur","0"
"Faika Shop Kani Roll Isi 8","Rp 17.200","0%","Rp 17.200","Faika Shop","Jakarta Timur","0"
"LAZIZI Rendang Sapi Suwir No Chili 150gr","Rp 54.000","0%","Rp 54.000","Pesona Nusantara","Jakarta Barat","0"
"LAZIZI Rendang Daging Sapi 900gr","Rp 306.000","0%","Rp 306.000","Pesona Nusantara","Jakarta Barat","0"
"LAZIZI Rendang Sapi Suwir 150gr","Rp 54.000","0%","Rp 54.000","Pesona Nusantara","Jakarta Barat","0"
"LAZIZI Rendang Ayam Suwir No Chili 150gr","Rp 45.000","0%","Rp 45.000","Pesona Nusantara","Jakarta Barat","0"
"Faika Shop Spicy Chicken Isi 10","Rp 17.000","0%","Rp 17.000","Faika Shop","Jakarta Timur","0"
"Nasi Bakar Bandeng Pack","Rp 17.000","0%","Rp 17.000","Depo Ikan","Tangerang Selatan","0"
"Super Cat All Varian Pounch 85 Gram","Rp 6.100","0%","Rp 6.100","Haagen Petshop","Jakarta Barat","0"
"Hills Science Diet Sensitive Skin 12Kg","Rp 797.900","0%","Rp 797.900","Haagen Petshop","Jakarta Barat","0"
"LAZIZI Rica Rica Ayam Suwir 150gr","Rp 45.000","0%","Rp 45.000","Pesona Nusantara","Jakarta Barat","0"
"Kurma Azwa 1/2 kg (500 gr)","Rp 227.000","0%","Rp 227.000","khalifah","Depok","0"
"Jagoan Dendeng Enaaak Pedas Sapi Masak 100 Gr","Rp 58.000","0%","Rp 58.000","Jagoan Dendeng","Jakarta Barat","5"
"MAMA KIMO Sambal Bawang Jengkol","Rp 29.500","0%","Rp 29.500","toserda","Bandung","0"
"POGER Pampis Tongkol Pedas","Rp 28.000","0%","Rp 28.000","Poger Foods","Surabaya","0"
"Bronco Kalengan Dog Food Made In Newzealand","Rp 36.400","0%","Rp 36.400","Haagen Petshop","Jakarta Barat","0"
"IKO RENDANG Makanan Kemasan 250 Gr Dendeng Sapi Balado","Rp 68.000","0%","Rp 68.000","Iko Rendang","Tangerang","4.89"
"NY LAUW Dodol Betawi Asli Khas Tangerang 200gr","Rp 19.500","0%","Rp 19.500","Duta Cake","Tangerang Selatan","5"
"Catering Menu B","Rp 60.000","0%","Rp 60.000","MADANI WEDDING CATERING","Padang","0"
"Kripik Balado 250 gr BULAT Christine Hakim / Sanjai Balado","Rp 23.000","0%","Rp 23.000","Kripik Balado Christine Hakim","Padang","0"
"OTTOGI Cheese Ramen","Rp 18.000","0%","Rp 18.000","Morning Chocolate","Jakarta Barat","0"
"LOC Ikan Asin Bulu Ayam / Bilis Ukuran Besar 250 Gram","Rp 20.000","0%","Rp 20.000","Jambal Roti Cilacap","Cilacap","0"
"Canibite Dog Food Lamb 20Kg","Rp 323.200","0%","Rp 323.200","Haagen Petshop","Jakarta Barat","0"
"SAMYANG Hot Chicken Ramen Stew 150gr","Rp 25.000","0%","Rp 25.000","Morning Chocolate","Jakarta Barat","5"
"INDOMIE Soto Mie Instant 75gr 1Karton Isi 40pcs","Rp 87.000","0%","Rp 87.000","Sunny shop 83","Jakarta Timur","5"
"SRITI Abon Sapi Pedas Besar","Rp 58.000","0%","Rp 58.000","Pesona Nusantara","Jakarta Barat","0"
"Kurma 500g","Rp 30.000","0%","Rp 30.000","Genki Plant","Jakarta Utara","0"
"LA FONTE Spaghetti 11 450gr","Rp 14.595","0%","Rp 14.595","BIZ MART","Tangerang","0"
"LAZIZI Rendang Jamur Tiram 900gr","Rp 255.000","0%","Rp 255.000","Pesona Nusantara","Jakarta Barat","0"
"NYEKERMEN Kacang Teri Pedas","Rp 72.000","0%","Rp 72.000","Pesona Nusantara","Jakarta Barat","0"
"NONGSHIM Kimchi Ramyun 24 x 70 Gr","Rp 241.848","0%","Rp 241.848","Warung Sukanda","Bekasi","0"
"LAZIZI Rendang Ayam Suwir 150gr","Rp 45.000","0%","Rp 45.000","Pesona Nusantara","Jakarta Barat","0"
"Bawang Kating 1 kg","Rp 22.000","0%","Rp 22.000","Toko Ratna","Surakarta (solo)","0"
"LOC Cumi Asin / Cumi Sero Asin / Cumi Pipih Asin 250 Gram","Rp 25.000","0%","Rp 25.000","Jambal Roti Cilacap","Cilacap","5"
"NONGSHIM Kimchi Ramyun 30 x 120 Gr","Rp 256.980","0%","Rp 256.980","Warung Sukanda","Bekasi","0"
"LAZIZI Tiram Rica Rica 150gr","Rp 45.000","0%","Rp 45.000","Pesona Nusantara","Jakarta Barat","0"
"AJWA Kurma Nabi Asli Madinah 250 Gram","Rp 85.000","0%","Rp 85.000","tuppy ceria","Bekasi","0"
"Faika Shop Kaki Naga Isi 10","Rp 19.200","0%","Rp 19.200","Faika Shop","Jakarta Timur","0"
"Faika Shop Egg Roll Jumbo Isi 5 Lonjor","Rp 40.500","0%","Rp 40.500","Faika Shop","Jakarta Timur","0"
"MrJelly Melon 10 gr","Rp 1.600","0%","Rp 1.600","Natura International","Jakarta Barat","5"
"LOC Ikan Asin Cucut Fillet 250 Gram","Rp 25.000","0%","Rp 25.000","Jambal Roti Cilacap","Cilacap","0"
"MrJelly Coklat 20 gr","Rp 2.300","0%","Rp 2.300","Natura International","Jakarta Barat","5"
"Vetzyme B Plus E 200 Tbl Made In Uk Multivit With Zinc N Selenium","Rp 202.000","0%","Rp 202.000","Haagen Petshop","Jakarta Barat","0"
"Lacmilk Susu Dog N Cat","Rp 35.400","0%","Rp 35.400","Haagen Petshop","Jakarta Barat","0"
"Friskies All Varian 400 Gram","Rp 17.000","0%","Rp 17.000","Haagen Petshop","Jakarta Barat","0"
"MrJelly Jeruk 15 gr","Rp 4.000","0%","Rp 4.000","Natura International","Jakarta Barat","0"
"Telor Bebek Asin Masir Orange Tidak Amis - Asin Berminyak","Rp 4.000","0%","Rp 4.000","Alya Jaya","Bekasi","0"
"Enaaak Dendeng Sapi Original 200gr","Rp 98.000","0%","Rp 98.000","Jagoan Dendeng","Jakarta Barat","5"
"LOC Udang Rebon Tawar Kualitas Super 250 Gram","Rp 35.000","0%","Rp 35.000","Jambal Roti Cilacap","Cilacap","0"
"LOC Terasi Rebon Khas Cilacap 1 Kg","Rp 38.000","0%","Rp 38.000","Jambal Roti Cilacap","Cilacap","0"
"MAMA KIMO Sambal Ikan Peda Pedas","Rp 29.500","0%","Rp 29.500","toserda","Bandung","0"
"Siwang Raja Terasi Bawang","Rp 20.000","0%","Rp 20.000","SIWANG RAJA","Cirebon","5"
"Teri Nasi Kriuk Aceh","Rp 38.500","0%","Rp 38.500","TERIKA","Jakarta Barat","5"
"Faika Shop Egg Roll Isi 3 Lonjor","Rp 17.200","0%","Rp 17.200","Faika Shop","Jakarta Timur","0"
"DATE CROWN Kurma Lulu","Rp 77.000","0%","Rp 77.000","khalifah","Depok","4"
"SAU TAO Amoy Flour Vermicelly Mie 300gr - isi 20 pcs","Rp 343.375","0%","Rp 343.375","Anak Mas Indah","Tangerang","0"
"SR Bawang Merah Goreng KW Brebes","Rp 4.700","0%","Rp 4.700","Bawang Goreng SR","Tangerang","0"
"INDOMIE Goreng Special 85gr 1Karton Isi 40pcs","Rp 92.000","0%","Rp 92.000","Sunny shop 83","Jakarta Timur","4.99"
"DAGINGKITA 1KG","Rp 85.000","0%","Rp 85.000","MANDIRI JAYA GROSIR","Padang","0"
"Jamur Hitam","Rp 75.000","0%","Rp 75.000","Toko Ratna","Surakarta (solo)","0"
"LAZIZI Rendang Jamur Tiram 150gr","Rp 45.000","0%","Rp 45.000","Pesona Nusantara","Jakarta Barat","0"
"NYEKERMEN Sayap Judes Isi 5pcs","Rp 45.000","0%","Rp 45.000","Pesona Nusantara","Jakarta Barat","0"
"Brownies Coklat Blueberry All Varian Selai Blueberry Coklat Keju","Rp 39.000","0%","Rp 39.000","Teddy Mart","Jakarta Pusat","5"
"Hikmah Dates","Rp 62.000","0%","Rp 62.000","khalifah","Depok","5"
"Tokinori Yaki Roasted Seaweed Sushi Nori","Rp 98.000","0%","Rp 98.000","indofresco","Jakarta Barat","0"
"Faika Shop Chicken Karage Isi 10","Rp 19.200","0%","Rp 19.200","Faika Shop","Jakarta Timur","0"
"LOC Gelembung Ikan / Fish Maw 100 Gram","Rp 49.500","0%","Rp 49.500","Jambal Roti Cilacap","Cilacap","0"
"Faika Shop Egg Roll Mini Isi 5 Lonjor","Rp 20.200","0%","Rp 20.200","Faika Shop","Jakarta Timur","0"
"MrJelly Tanpa Rasa 15 gr","Rp 4.000","0%","Rp 4.000","Natura International","Jakarta Barat","5"
"NY LAUW Kue Keranjang Isi 2pcs","Rp 58.000","0%","Rp 58.000","Pesona Nusantara","Jakarta Barat","0"
"SRITI Bawang Goreng Isi 2pcs","Rp 41.000","0%","Rp 41.000","Pesona Nusantara","Jakarta Barat","0"
"MrJelly Anggur 15 gr","Rp 4.000","0%","Rp 4.000","Natura International","Jakarta Barat","0"
"NYEKERMEN Ceker Melilit Isi 10pcs","Rp 40.000","0%","Rp 40.000","Pesona Nusantara","Jakarta Barat","0"
"LOC Sotong Pangkong / Cumi Kering / Juhi 250 Gram","Rp 34.000","0%","Rp 34.000","Jambal Roti Cilacap","Cilacap","0"
"Kanokwan Tom Yum Paste 30gr","Rp 15.000","0%","Rp 15.000","CV. Tigana Sukses","Tangerang","5"
"AJWA Kurma Nabi Asli Madinah 500 Gram","Rp 160.000","0%","Rp 160.000","tuppy ceria","Bekasi","5"
"Enaaak Dendeng Sapi Original 100gr","Rp 58.000","0%","Rp 58.000","Jagoan Dendeng","Jakarta Barat","0"
"Enaaak Dendeng Sapi Original 200gr","Rp 98.000","0%","Rp 98.000","Jagoan Dendeng","Jakarta Barat","0"
"Daily Delight All Varian 375 Gram","Rp 25.300","0%","Rp 25.300","Haagen Petshop","Jakarta Barat","5"
"Bawang Bombay 1 kg","Rp 12.500","0%","Rp 12.500","Toko Ratna","Surakarta (solo)","0"
"Sari Buah Terong Belanda - Tamarillo in Syrup Arjuna","Rp 25.000","0%","Rp 25.000","synesol","Jakarta Barat","0"
"Drontal Obat Cacing Cat","Rp 16.200","0%","Rp 16.200","Haagen Petshop","Jakarta Barat","0"
"Catering Menu A","Rp 55.000","0%","Rp 55.000","MADANI WEDDING CATERING","Padang","0"
"Whiskas Pounch All Varian","Rp 6.600","0%","Rp 6.600","Haagen Petshop","Jakarta Barat","5"
"Fiesta Nugget Regular 500gr","Rp 48.000","0%","Rp 48.000","Rizkifood Minimarket","Kulon Progo","0"
"SAMYANG Hot Chicken Ramen Spicy 140gr","Rp 18.000","0%","Rp 18.000","Morning Chocolate","Jakarta Barat","4.86"
"SAMYANG Hot Chicken Ramen Cheese 140gr","Rp 20.000","0%","Rp 20.000","Morning Chocolate","Jakarta Barat","4.9"
"POPSO Bakso Cup","Rp 23.000","0%","Rp 23.000","PT. Nusapangan Sukses Makmur","Tangerang","0"
"SRITI Abon Sapi Pedas Kecil","Rp 30.000","0%","Rp 30.000","Pesona Nusantara","Jakarta Barat","5"
"INDOMIE Kari Ayam 72gr 1 Karton Isi 40pcs","Rp 95.000","0%","Rp 95.000","Sunny shop 83","Jakarta Timur","5"
"INDOMIE Ayam Bawang 69gr 1 Karton Isi 40pcs","Rp 87.000","0%","Rp 87.000","Sunny shop 83","Jakarta Timur","4.99"
"Kurma 1 kg","Rp 48.000","0%","Rp 48.000","Genki Plant","Jakarta Utara","5"
"Golden Raisins Jumbo 250g","Rp 45.000","0%","Rp 45.000","Genki Plant","Jakarta Utara","5"
"BAKSOKITA 1KG","Rp 75.000","0%","Rp 75.000","MANDIRI JAYA GROSIR","Padang","0"
"BLUE DIAMOND Almonds Salted Roasted 130 gr (6 Pcs)","Rp 307.200","-20%","Rp 384.000","FingerLand","Jakarta Pusat","0"
"Sandwich Sarikaya Medan","Rp 3.825","-15%","Rp 4.500","Sari Roti","Jakarta Selatan","0"
"LA FONTE Pasta-Spaghetti 1000 Gr (6 Pcs)","Rp 138.720","-15%","Rp 163.200","FingerLand","Jakarta Pusat","0"
"BLUE DIAMOND Almond Natural Toasted Unsalted 130 gr (6 Pcs)","Rp 307.200","-20%","Rp 384.000","FingerLand","Jakarta Pusat","0"
"KNORR Bahan Dasar Sup Krim Pouch 1kg","Rp 65.873","-15%","Rp 78.420","Unilever Food Solutions","Tangerang","5"
"MR. P Kacang Balado 40 Gr (20 Pcs)","Rp 108.800","-20%","Rp 136.000","FingerLand","Jakarta Pusat","0"
"ABON BAWANG GORENG SUMENEP 500 GRAM PEDAS","Rp 185.000","0%","Rp 185.000","Relitzia Shop","Bekasi","0"
"ABON BAWANG GORENG SUMENEP 200 GRAM ORIGINAL","Rp 95.000","0%","Rp 95.000","Relitzia Shop","Bekasi","0"
"BU RUDY Sambal Hijau Ikan Peda 130gr","Rp 32.000","0%","Rp 32.000","toserda","Bandung","0"
"RENDANG NENEK Daging Sapi Instan 220gr","Rp 74.500","0%","Rp 74.500","toserda","Bandung","0"
"6pcs SUGI RASA Kentang Mustofa Jengkol Pedas 150gr","Rp 176.700","0%","Rp 176.700","toserda","Bandung","0"
"6 botol TJAP TOEKANG MASAK Sambel Jambal Original 200gr","Rp 233.700","0%","Rp 233.700","toserda","Bandung","0"
"6 botol SAMBEL MERTUA Sambel Teri 80gr","Rp 148.200","0%","Rp 148.200","toserda","Bandung","0"
"6 botol SAMBEL MERTUA Sambel Bawang 180gr","Rp 148.200","0%","Rp 148.200","toserda","Bandung","0"
"Fruity Sphere","Rp 606.000","0%","Rp 606.000","Flower Advisior","Jakarta Barat","0"
"Forever Young","Rp 700.000","0%","Rp 700.000","Flower Advisior","Jakarta Barat","0"
"Hangout Night","Rp 809.000","0%","Rp 809.000","Flower Advisior","Jakarta Barat","0"
"Coco Addict Hamper","Rp 1.375.000","0%","Rp 1.375.000","Flower Advisior","Jakarta Barat","0"
"Brunch Munch Gift Basket","Rp 2.079.000","0%","Rp 2.079.000","Flower Advisior","Jakarta Barat","0"
"MIE SEDAP Baso Spesial 77gr","Rp 6.150","0%","Rp 6.150","BIZ MART","Tangerang","0"
"MIE SEDAP Cup Goreng 85gr","Rp 12.600","0%","Rp 12.600","BIZ MART","Tangerang","0"
"Perfect Amelioration","Rp 809.000","0%","Rp 809.000","Flower Advisior","Jakarta Barat","0"
"Level Completed","Rp 1.155.000","0%","Rp 1.155.000","Flower Advisior","Jakarta Barat","0"
"Fresh and Delight","Rp 1.409.000","0%","Rp 1.409.000","Flower Advisior","Jakarta Barat","0"
"PEUCUN Sambel Kering Kentang 120gr","Rp 37.000","0%","Rp 37.000","toserda","Bandung","5"
"INDOMIE Goreng Cabe Ijo 85gr","Rp 6.600","0%","Rp 6.600","BIZ MART","Tangerang","0"
"3 AYAM Mie Telor Kuning 200gr","Rp 10.275","0%","Rp 10.275","BIZ MART","Tangerang","0"
"INDOMIE Kari Ayam 75gr","Rp 6.900","0%","Rp 6.900","BIZ MART","Tangerang","0"
"CAKALANG Abon Ikan Besar 100gr","Rp 37.000","0%","Rp 37.000","toserda","Bandung","0"
"SARIMI 2 Goreng Ayam Kecap 115gr","Rp 9.000","0%","Rp 9.000","BIZ MART","Tangerang","0"
"BU RUDY Sambal Bawang 130gr","Rp 32.000","0%","Rp 32.000","toserda","Bandung","5"
"Paket Seblak Baper Instan Seblak ORI Cilok Cabe Cabean","Rp 75.000","0%","Rp 75.000","Bude.Baby","Bandung","5"
"BURUNG DARA Mie Urai Original 140gr","Rp 19.200","0%","Rp 19.200","BIZ MART","Tangerang","0"
"POP MIE Cup Kari Ayam 60gr","Rp 13.500","0%","Rp 13.500","BIZ MART","Tangerang","0"
"POP MIE Cup Goreng Special 80gr","Rp 13.500","0%","Rp 13.500","BIZ MART","Tangerang","0"
"BELFOODS SOSIS AYAM- KEJU 360gr","Rp 44.000","0%","Rp 44.000","Tuying Shop","Tangerang Selatan","5"
"Super Bubur Abon Sapi 67 Gr","Rp 132.000","0%","Rp 132.000","Mayora Official Store","Jakarta Barat","0"
"Grosir Ayam Asap Utuh Spice Islands Indonesia","Rp 120.000","0%","Rp 120.000","Toko Rempah Bumbu","Tangerang","0"
"Tahu Pong segitiga Pack","Rp 3.700","0%","Rp 3.700","Paskomnas","Tangerang","0"
"Djarum Super 12","Negotiable","0%","Negotiable","Maju Mandiri Sejahtera","Tangerang Selatan","0"
"INDOMIE Soto Mie 70gr","Rp 100.000","0%","Rp 100.000","Madina Karya","Cilegon","0"
"FITMEE Mie Instan Rasa Soto Isi 4","Rp 72.000","0%","Rp 72.000","Fitmee Official Store","Jakarta Utara","0"
"FITMEE Mix Rasa Isi 24","Rp 432.000","0%","Rp 432.000","Fitmee Official Store","Jakarta Utara","0"
"FITMEE Mie Goreng Korea Isi 6","Rp 108.000","0%","Rp 108.000","Fitmee Official Store","Jakarta Utara","0"
"FITMEE Mie Goreng Korea Isi 24","Rp 432.000","0%","Rp 432.000","Fitmee Official Store","Jakarta Utara","0"
"SUN Tim Instan Rasa Tomat Wortel Ayam Isi 6 pcs","Rp 66.433","0%","Rp 66.433","IDMARCO","Jakarta Timur","0"
"SUN Tim Instan Rasa Sayur Ayam Isi 6 pcs","Rp 66.433","0%","Rp 66.433","IDMARCO","Jakarta Timur","0"
"Buburia Ayam Kampung Sachet 53 gr isi 12 pcs","Rp 49.140","0%","Rp 49.140","IDMARCO","Jakarta Timur","0"
"Pop Mie Ayam Spesial Isi 24 Pcs","Rp 95.655","0%","Rp 95.655","IDMARCO","Jakarta Timur","0"
"SUN Bubur Sereal Susu Rasa Kacang Hijau Isi 24 pcs","Rp 184.512","0%","Rp 184.512","IDMARCO","Jakarta Timur","0"
"Pop Mie Baso Isi 24 Pcs","Rp 89.066","0%","Rp 89.066","IDMARCO","Jakarta Timur","0"
"SUN Bubur Sereal Susu Rasa Ayam Kampung Bayam isi 80 sachet","Rp 101.280","0%","Rp 101.280","IDMARCO","Jakarta Timur","0"
"SUN Bubur Sereal Susu Rasa Beras Merah Sachet 20 gr isi 80 sachet","Rp 101.280","0%","Rp 101.280","IDMARCO","Jakarta Timur","0"
"GAGA Mie Kuah Gepeng Ayam Lada Hitam 67gr","Rp 5.250","0%","Rp 5.250","BIZ MART","Tangerang","0"
"SUN Tim Instan Rasa Beras Merah Isi 6 pcs","Rp 64.743","0%","Rp 64.743","IDMARCO","Jakarta Timur","0"
"BORGES Spaghetti Pasta 24x500gr/Ctn","Rp 733.500","0%","Rp 733.500","FingerLand","Jakarta Pusat","0"
"ENGEL Mashed Potato with Milk 8x3x100Gr/Ctn","Rp 323.000","0%","Rp 323.000","FingerLand","Jakarta Pusat","0"
"LA FONTE Pasta Fusilli no 202 20x500Gr/Ctn","Rp 302.500","0%","Rp 302.500","FingerLand","Jakarta Pusat","0"
"BOBO Cuttlefish Ball 30x168Gr/Ctn","Rp 917.000","0%","Rp 917.000","FingerLand","Jakarta Pusat","0"
"LA FONTE Pasta-Gobetti no 201 20x500Gr/Ctn","Rp 302.500","0%","Rp 302.500","FingerLand","Jakarta Pusat","0"
"ENGEL Instant Chicken Maize Soup 8x3x50Gr/Ctn","Rp 323.000","0%","Rp 323.000","FingerLand","Jakarta Pusat","0"
"Paket Hemat II","Rp 66.000","0%","Rp 66.000","FingerLand","Jakarta Pusat","5"
"Roti Krim Keju","Rp 4.500","0%","Rp 4.500","Sari Roti","Jakarta Selatan","0"
"Mi Telor Merah Isi 20 pcs","Rp 71.999","0%","Rp 71.999","IDMARCO","Jakarta Timur","0"
"Gaga 100 kuah ektra pedas jalapeno - 5 pcs","Rp 13.000","0%","Rp 13.000","Gaga Official Store","Jakarta Selatan","0"
"Gaga Mie Gepeng Goreng Ayam Lada Hitam - 5 pcs","Rp 12.500","0%","Rp 12.500","Gaga Official Store","Jakarta Selatan","0"
"GAGA Bakmi 200gr 1 Dus Isi 20pcs","Rp 135.000","0%","Rp 135.000","Gaga Official Store","Jakarta Selatan","0"
"GAGA Mie Gepeng Goreng Ayam Lada Hitam - 10 pcs","Rp 25.000","0%","Rp 25.000","Gaga Official Store","Jakarta Selatan","0"
"GAGA Mie 1000 Soto 10 Pcs","Rp 10.000","0%","Rp 10.000","Gaga Official Store","Jakarta Selatan","0"
"MIE SEDAP White Curry 81gr","Rp 6.150","0%","Rp 6.150","BIZ MART","Tangerang","0"
"ABC Mie Semur Ayam Pedas 70gr","Rp 6.900","0%","Rp 6.900","BIZ MART","Tangerang","0"
"BURUNG DARA Mie Telur Urai Pipih 140gr","Rp 19.200","0%","Rp 19.200","BIZ MART","Tangerang","0"
"BURUNG DARA Mie Telur Urai Pipih 140gr","Rp 19.200","0%","Rp 19.200","BIZ MART","Tangerang","0"
"Distributor Cheese Powder (Keju Bubuk) Kerry kemasan 25 Kg Asli","Rp 4.150.000","0%","Rp 4.150.000","ORYZAFOOD.ID","Bekasi","0"
"NONGSHIM Korean Claypot Ramyun 120 gr","Rp 11.500","0%","Rp 11.500","BIGbox Asia","Tangerang","0"
"AMAZY Chicken Nugget Frozen 250 gr","Rp 20.000","0%","Rp 20.000","Amazy Frozen Food","Jakarta Selatan","0"
"AMAZY Roti Burger","Rp 15.000","0%","Rp 15.000","Amazy Frozen Food","Jakarta Selatan","0"
"INDOMIE Soto 75gr / 40 pcs","Rp 87.000","0%","Rp 87.000","Bunda Shop","Tangerang Selatan","4.41"
"GANGSAR 20PCS X 225 GR","Rp 149.000","0%","Rp 149.000","CV Wijaya santoso","Surabaya","0"
"BORGES Spaghetti 500 gr (6 Pcs)","Rp 195.000","0%","Rp 195.000","FingerLand","Jakarta Pusat","0"
"Samyang Cheese Ramen - Grosir (Surabaya)","Rp 18.153","0%","Rp 18.153","Bakul Elite","Surabaya","0"
"INDOMIE Rasa Soto Dus @40 Pcs","Rp 85.000","0%","Rp 85.000","Toko ameera asqia","Cilegon","5"
"Indomie Mie Ayam Bawang Mie Instant 69 g/ 40 pcs","Rp 86.500","0%","Rp 86.500","Bhinneka Pangan","Jakarta Barat","0"
"ROSE BRAND Bihun Instant Asam Pedas 1dus","Rp 72.700","0%","Rp 72.700","RoseBrand Store","Jakarta Selatan","0"
"INDOMIE Kari Ayam 1Karton Isi 40pcs","Rp 94.300","0%","Rp 94.300","BIZ MART","Tangerang","0"
"INDOMIE Soto Mie 40 Pcs/ctn","Rp 93.000","0%","Rp 93.000","Khaira Jaya","Jakarta Utara","5"
"INDOMIE Mie Instan Soto 1 Dus Isi 40pcs","Rp 88.500","0%","Rp 88.500","Usaha Kita","Tangerang Selatan","4.97"
"INDOMIE Goreng Dus @40 Pcs","Rp 110.000","0%","Rp 110.000","Madina Karya","Cilegon","0"
"Rafins Kripik Singkong Taro Salted Egg SPICY 130 gr","Rp 25.000","0%","Rp 25.000","RAFINS SNACK","Bandar Lampung","0"
"GAGA Mie 1000 Soto 1 Dus Isi 40 pcs","Rp 31.900","0%","Rp 31.900","Gaga Official Store","Jakarta Selatan","0"
"MR. P Dry Roasted Pistachio 40 Gr (10 Pcs)","Rp 171.200","-20%","Rp 214.000","FingerLand","Jakarta Pusat","0"
"BU RUDY Paket Udang Goreng dan Sambal Bawang","Rp 75.000","0%","Rp 75.000","toserda","Bandung","0"
"TJAP TOEKANG MASAK Sambel Jambal Original 200gr","Rp 41.000","0%","Rp 41.000","toserda","Bandung","0"
"6 botol SAMBEL MERTUA Sambel Ebi 180gr","Rp 162.450","0%","Rp 162.450","toserda","Bandung","0"
"UDA GEMBUL Rendang Gaul Daging Sapi Lvl 3 150gr","Rp 39.500","0%","Rp 39.500","toserda","Bandung","0"
"Colorful Festive","Rp 843.000","0%","Rp 843.000","Flower Advisior","Jakarta Barat","0"
"Healthy Wishes","Rp 904.000","0%","Rp 904.000","Flower Advisior","Jakarta Barat","0"
"Sweet Morning Treat","Rp 1.098.000","0%","Rp 1.098.000","Flower Advisior","Jakarta Barat","0"
"Good Morning Gift Basket","Rp 1.155.000","0%","Rp 1.155.000","Flower Advisior","Jakarta Barat","0"
"Whole World Gifts","Rp 1.443.000","0%","Rp 1.443.000","Flower Advisior","Jakarta Barat","0"
"The High Life","Rp 2.541.000","0%","Rp 2.541.000","Flower Advisior","Jakarta Barat","0"
"BELFOODS SOSIS SAPI 360gr","Rp 46.000","0%","Rp 46.000","Tuying Shop","Tangerang Selatan","0"
"GAGA Mie Gepeng Kuah Soto Cabe Hijau 67gr","Rp 4.500","0%","Rp 4.500","BIZ MART","Tangerang","5"
"POP MIE Mini Soto Mie 39gr","Rp 10.500","0%","Rp 10.500","BIZ MART","Tangerang","0"
"ROSE BRAND Bihun Ayam Bawang 55gr","Rp 9.000","0%","Rp 9.000","BIZ MART","Tangerang","5"
"INDOMIE Kaldu Ayam 75gr","Rp 6.900","0%","Rp 6.900","BIZ MART","Tangerang","0"
"ROSE BRAND Bihun Kaldu Ayam 55gr","Rp 9.000","0%","Rp 9.000","BIZ MART","Tangerang","0"
"SARIMI 2 Ayam Bawang 115gr","Rp 9.000","0%","Rp 9.000","BIZ MART","Tangerang","0"
"MIE SEDAP Ayam Bawang 70gr","Rp 6.150","0%","Rp 6.150","BIZ MART","Tangerang","0"
"Lavish Lilies","Rp 1.031.000","0%","Rp 1.031.000","Flower Advisior","Jakarta Barat","0"
"CAP AYAM 2 Telor Mie Keriting 200gr","Rp 14.100","0%","Rp 14.100","BIZ MART","Tangerang","0"
"ROSE BRAND Bihun Goreng 60gr","Rp 9.000","0%","Rp 9.000","BIZ MART","Tangerang","0"
"SARIMI 2 Soto Koya Jeruk Nipis 75gr","Rp 6.600","0%","Rp 6.600","BIZ MART","Tangerang","0"
"OMMASON MAT Kimchi 215gr","Rp 26.000","0%","Rp 26.000","toserda","Bandung","0"
"SEDAAP Mie Soto 1Karton Isi 40pcs","Rp 83.400","0%","Rp 83.400","BIZ MART","Tangerang","5"
"Happy House","Rp 708.000","0%","Rp 708.000","Flower Advisior","Jakarta Barat","0"
"INDOMIE Coto Makassar 85gr","Rp 9.000","0%","Rp 9.000","BIZ MART","Tangerang","0"
"SARIMI 2 Mie Soto Ayam 113gr","Rp 9.000","0%","Rp 9.000","BIZ MART","Tangerang","0"
"INDOMIE Soup Rasa Tengkleng 75gr","Rp 6.900","0%","Rp 6.900","BIZ MART","Tangerang","0"
"POP MIE Cup Baso Special 75gr","Rp 13.500","0%","Rp 13.500","BIZ MART","Tangerang","0"
"SUGI RASA Kentang Mustofa Jengkol Pedas 150gr","Rp 31.000","0%","Rp 31.000","toserda","Bandung","5"
"Gula Aren 100% Asli","Rp 15.000","0%","Rp 15.000","Santimaya","Tasikmalaya","5"
"Daging Analog Rodeo 100gr Non Kolesterol Untuk Rendang Dan Vegetarian","Rp 17.000","0%","Rp 17.000","Frozlet","Sidoarjo","5"
"Sosis Sapi Bernardi Horeca Pack VP 1 Kg","Rp 60.000","0%","Rp 60.000","Frozlet","Sidoarjo","0"
"Mie Sagu Tanpa Pengawet Dan Tanpa Gluten 1 Kg","Rp 35.000","0%","Rp 35.000","Toko Rempah Bumbu","Tangerang","0"
"Bakmi Mewah Ayam Jamur Family Pack @110gr + Mangkok","Rp 180.000","0%","Rp 180.000","Mayora Official Store","Jakarta Barat","0"
"Super Bubur Buryam Rcg 22 Gr","Rp 120.000","0%","Rp 120.000","Mayora Official Store","Jakarta Barat","0"
"Migelas CUP MT Baso Sapi","Rp 220.000","0%","Rp 220.000","Mayora Official Store","Jakarta Barat","0"
"Migelas CUP MT Kari Ayam","Rp 220.000","0%","Rp 220.000","Mayora Official Store","Jakarta Barat","0"
"Tahu Jambi Kuning Pack","Rp 7.400","0%","Rp 7.400","Paskomnas","Tangerang","0"
"Tahu Cina Pcs","Rp 3.700","0%","Rp 3.700","Paskomnas","Tangerang","0"
"Tahu Jambi - Pack","Rp 7.600","0%","Rp 7.600","Paskomnas","Tangerang","0"
"GAGA 100 Mie Goreng Extra Pedas Jalapeno 85gr","Rp 7.800","0%","Rp 7.800","BIZ MART","Tangerang","0"
"INDOMIE Goreng Iga Penyet 80gr","Rp 6.900","0%","Rp 6.900","BIZ MART","Tangerang","0"
"FITMEE Mie Goreng Korea","Rp 18.000","0%","Rp 18.000","Fitmee Official Store","Jakarta Utara","5"
"FITMEE Mie Goreng Korea Isi 4","Rp 72.000","0%","Rp 72.000","Fitmee Official Store","Jakarta Utara","0"
"FITMEE Mie Instan Rasa Soto Isi 6","Rp 108.000","0%","Rp 108.000","Fitmee Official Store","Jakarta Utara","0"
"Pop Mie Ayam Jumbo Isi 12 Pcs","Rp 44.533","0%","Rp 44.533","IDMARCO","Jakarta Timur","0"
"SUN Bubur Sereal Susu Rasa Ayam Kampung Bayam Isi 24 pcs","Rp 195.497","0%","Rp 195.497","IDMARCO","Jakarta Timur","0"
"Pop Mie Kari Ayam Isi 24 Pcs","Rp 89.066","0%","Rp 89.066","IDMARCO","Jakarta Timur","5"
"Tahu Bandung Potong Pack","Rp 5.000","0%","Rp 5.000","Paskomnas","Tangerang","0"
"Indomie Soto Mie Karton isi 40 pcs","Rp 88.174","0%","Rp 88.174","IDMARCO","Jakarta Timur","0"
"LA FONTE Pasta-Fettucine no 31 16x750Gr/Ctn","Rp 359.000","0%","Rp 359.000","FingerLand","Jakarta Pusat","0"
"LA FONTE Pasta-Penneziti Rigati no 91 20x500Gr/Ctn","Rp 302.500","0%","Rp 302.500","FingerLand","Jakarta Pusat","0"
"Ayam Negri","Rp 36.500","0%","Rp 36.500","Pasar Komoditi Nasional","Tangerang","0"
"Roti Krim Tiramisu","Rp 4.500","0%","Rp 4.500","Sari Roti","Jakarta Selatan","0"
"Sandwich Cokelat","Rp 4.500","0%","Rp 4.500","Sari Roti","Jakarta Selatan","0"
"San Remo Linguine 500g â€“ Australia","Rp 18.000","0%","Rp 18.000","BIGbox Asia","Tangerang","0"
"San Remo Spinach Fettuccine 500g - Australia","Rp 18.000","0%","Rp 18.000","BIGbox Asia","Tangerang","0"
"POP MIE Cup Ayam 75gr","Rp 13.500","0%","Rp 13.500","BIZ MART","Tangerang","0"
"Gaga Mie 1000 Ayam Bawang - 5 pcs","Rp 6.000","0%","Rp 6.000","Gaga Official Store","Jakarta Selatan","0"
"Gaga Mie Gepeng Goreng Ayam Panggang - 5 pcs","Rp 12.500","0%","Rp 12.500","Gaga Official Store","Jakarta Selatan","5"
"GAGA 100 Mie Goreng Ekstra Pedas Lada Hitam 40 Pcs","Rp 108.000","0%","Rp 108.000","Gaga Official Store","Jakarta Selatan","0"
"GAGA Mie Gepeng Goreng Ayam Lada Hitam 40 Pcs","Rp 108.000","0%","Rp 108.000","Gaga Official Store","Jakarta Selatan","0"
"Distibutor Keju Mozzarella Eurial kemasan 5 kg","Rp 512.000","0%","Rp 512.000","ORYZAFOOD.ID","Bekasi","0"
"Indomie Kaldu Ayam Isi 40 Pcs","Rp 79.459","0%","Rp 79.459","IDMARCO","Jakarta Timur","0"
"INDOMIE Ayam Bawang Isi 40 Pcs","Rp 88.174","0%","Rp 88.174","IDMARCO","Jakarta Timur","5"
"INDOMIE Ayam Special 68gr","Rp 6.600","0%","Rp 6.600","BIZ MART","Tangerang","0"
"SUPERIOR Bihun Putri Jagung 250gr Isi 12pcs","Rp 71.426","0%","Rp 71.426","Anak Mas Indah","Tangerang","0"
"KNORR Mashed Potato 4kg - isi 1pcs","Rp 315.995","0%","Rp 315.995","Anak Mas Indah","Tangerang","0"
"NONGSHIM Neoguri Udon 120gr","Rp 11.500","0%","Rp 11.500","BIGbox Asia","Tangerang","0"
"AMAZY Kekian Udang","Rp 28.000","0%","Rp 28.000","Amazy Frozen Food","Jakarta Selatan","0"
"INDOMIE Instan Kaldu Ayam","Rp 77.900","0%","Rp 77.900","Klikmart","Tangerang Selatan","0"
"INDOMIE Instan Kari Ayam","Rp 92.250","0%","Rp 92.250","Klikmart","Tangerang Selatan","0"
"SEDANI Makaroni Pipa Kecil 1Kg","Rp 16.000","0%","Rp 16.000","Usaha Kita","Tangerang Selatan","5"
"Bihun Jagung 320gr x 10 bungkus","Rp 57.000","0%","Rp 57.000","Usaha Kita","Tangerang Selatan","5"
"Rafins Peanuts Salted Egg 250 gr","Rp 25.000","0%","Rp 25.000","RAFINS SNACK","Bandar Lampung","0"
"Rafins Potato Salted Egg 100 gr","Rp 25.000","0%","Rp 25.000","RAFINS SNACK","Bandar Lampung","0"
"Rafins Pisang Sale 300 Gr","Rp 25.000","0%","Rp 25.000","RAFINS SNACK","Bandar Lampung","0"
"Rafins Snack Fish Skin HOT BOMB 70 gr","Rp 25.000","0%","Rp 25.000","RAFINS SNACK","Bandar Lampung","0"
"Rafins Snack Salted Egg Fish Skin 70 gr","Rp 25.000","0%","Rp 25.000","RAFINS SNACK","Bandar Lampung","0"
"Keripik Kentang Pedas Tanpa Ebi","Rp 30.000","0%","Rp 30.000","Selvi shop","Bogor","5"
"Pop Mie Soto Ayam Isi 12 Pcs","Rp 44.533","0%","Rp 44.533","IDMARCO","Jakarta Timur","0"
"Samyang Nuclear 2x Spicy Ramen - Grosir (Surabaya)","Rp 20.471","0%","Rp 20.471","Bakul Elite","Surabaya","0"
"Arirang Extra Hot Noodle - Grosir (Surabaya)","Rp 10.815","0%","Rp 10.815","Bakul Elite","Surabaya","0"
"ARIRANG Kimchi Soup - Grosir (Surabaya)","Rp 10.815","0%","Rp 10.815","Bakul Elite","Surabaya","0"
"INDOMIE Goreng Pedas 79gr","Rp 6.600","0%","Rp 6.600","BIZ MART","Tangerang","0"
"SKIPPY Peanut Butter Creamy 500g - China","Rp 64.000","0%","Rp 64.000","BIGbox Asia","Tangerang","5"
"ROSE BRAND Bihun Instant Ayam Bawang 1dus","Rp 72.700","0%","Rp 72.700","RoseBrand Store","Jakarta Selatan","0"
"Ikan Roa Tumbuk asli Manado","Rp 40.000","0%","Rp 40.000","DAPOER KITA","Bekasi","0"
"SARIMI Ayam Bawang 75gr","Rp 6.600","0%","Rp 6.600","BIZ MART","Tangerang","0"
"INDOMIE Goreng 1Dus Isi 40pcs","Rp 94.800","0%","Rp 94.800","PRATAMA SUPERMARKET BANGUNAN","Bekasi","4.97"
"INDOMIE Mie Instan Goreng 1 Dus Isi 40pcs","Rp 93.000","0%","Rp 93.000","Usaha Kita","Tangerang Selatan","5"
"San Remo Durum Wheat Bowties 500g â€“ Australia","Rp 19.500","0%","Rp 19.500","BIGbox Asia","Tangerang","0"
"KNORR Mashed Potato Flakes 4Kg","Rp 352.700","0%","Rp 352.700","Unilever Food Solutions","Tangerang","5"
"Gaga Otak Otakku - 4 box","Rp 74.900","0%","Rp 74.900","Gaga Official Store","Jakarta Selatan","0"
"Sandwich Margarin Gula","Rp 3.825","-15%","Rp 4.500","Sari Roti","Jakarta Selatan","0"
"Roti Krim Cokelat","Rp 3.825","-15%","Rp 4.500","Sari Roti","Jakarta Selatan","0"
"LA FONTE Pasta-Chiferi Rigati No 206 500gr (6 Pcs)","Rp 82.620","-15%","Rp 97.200","FingerLand","Jakarta Pusat","0"
"KNORR MASHED POTATO MIX 500G 1 pc","Rp 47.241","-15%","Rp 55.578","Unilever Food Solutions","Tangerang","5"
"BU RUDY Sambal Terasi atau Bajak 130gr","Rp 32.000","0%","Rp 32.000","toserda","Bandung","0"
"MOMMY Seblak Basah Instan 100gr","Rp 13.000","0%","Rp 13.000","toserda","Bandung","0"
"FIESTA KENTANG 1kg","Rp 39.000","0%","Rp 39.000","Tuying Shop","Tangerang Selatan","5"
"Pretty In Pink","Rp 708.000","0%","Rp 708.000","Flower Advisior","Jakarta Barat","0"
"Healthiness Rising","Rp 718.000","0%","Rp 718.000","Flower Advisior","Jakarta Barat","0"
"Gregarious Grape","Rp 746.000","0%","Rp 746.000","Flower Advisior","Jakarta Barat","0"
"World Favourite","Rp 1.617.000","0%","Rp 1.617.000","Flower Advisior","Jakarta Barat","0"
"ABON BAWANG GORENG SUMENEP 500 GRAM ORIGINAL","Rp 185.000","0%","Rp 185.000","Relitzia Shop","Bekasi","0"
"ABON BAWANG GORENG SUMENEP 200 GRAM PEDAS","Rp 95.000","0%","Rp 95.000","Relitzia Shop","Bekasi","0"
"PEUCUN Bawang Goreng Teri Medan 135gr","Rp 43.500","0%","Rp 43.500","toserda","Bandung","0"
"3 AYAM Mie Telor Merah 200gr","Rp 12.000","0%","Rp 12.000","BIZ MART","Tangerang","5"
"SARIMI BasoSapi 75gr","Rp 6.600","0%","Rp 6.600","BIZ MART","Tangerang","0"
"INDOMIE Kocok Bandung 85gr","Rp 6.900","0%","Rp 6.900","BIZ MART","Tangerang","0"
"SARIMI 2 Rasa Baso Sapi 115gr","Rp 9.000","0%","Rp 9.000","BIZ MART","Tangerang","0"
"MIE SEDAP Goreng Ayam Krispi 84gr","Rp 6.900","0%","Rp 6.900","BIZ MART","Tangerang","0"
"MIE SEDAP Cup Kari Special 81gr","Rp 10.800","0%","Rp 10.800","BIZ MART","Tangerang","0"
"POGER Sambal Ikan Teri Petai","Rp 25.000","0%","Rp 25.000","Poger Foods","Surabaya","0"
"TJAP TOEKANG MASAK Sambel Jambal Original 400gr","Rp 71.000","0%","Rp 71.000","toserda","Bandung","0"
"GAGA Mie Gepeng Goreng Ayam Panggang 75gr","Rp 10.800","0%","Rp 10.800","BIZ MART","Tangerang","0"
"POP MIE Cup Baso 75gr","Rp 13.500","0%","Rp 13.500","BIZ MART","Tangerang","0"
"SARIMI 2 Mie Goreng Ayam Kremes 125gr","Rp 9.000","0%","Rp 9.000","BIZ MART","Tangerang","0"
"SARIMI 2 Kari Spesial 115gr","Rp 9.000","0%","Rp 9.000","BIZ MART","Tangerang","0"
"INDOMIE Soto Banjar 85gr","Rp 9.000","0%","Rp 9.000","BIZ MART","Tangerang","0"
"BAWANG JAGOAN Bawang Goreng Teri 80gr","Rp 27.000","0%","Rp 27.000","toserda","Bandung","5"
"PRIMA SOSIS Beef Frank Original Keju Black Papper 1000gr","Rp 115.000","0%","Rp 115.000","Toko Buku Nadya","Bandung","5"
"Seblak Baper Instan Original paket 5pcs","Rp 80.000","0%","Rp 80.000","Bude.Baby","Bandung","5"
"Paket Ngemil Cilok Baper 3pcs","Rp 58.000","0%","Rp 58.000","Bude.Baby","Bandung","0"
"KOKA Mi Goreng Pedas Singapore 85gr","Rp 10.500","0%","Rp 10.500","toserda","Bandung","5"
"MIE SEDAP Ayam Bawang Telur 73gr","Rp 6.150","0%","Rp 6.150","BIZ MART","Tangerang","0"
"SAMYANG Hot Chicken Ramen Stew 140gr 5pcs","Rp 124.000","0%","Rp 124.000","Morning Chocolate","Jakarta Barat","0"
"INDOMIE Soto Banjar Limau Kuit 85GR","Rp 145.000","0%","Rp 145.000","toko syaddad","Banjarmasin","0"
"INDOMIE Soto Banjar Limau Kuit 85gr","Rp 9.000","0%","Rp 9.000","BIZ MART","Tangerang","0"
"BIDADARI Abon Ikan Pedas 100gr","Rp 27.500","0%","Rp 27.500","toserda","Bandung","0"
"Migelas CUP MT Ayam Bawang","Rp 220.000","0%","Rp 220.000","Mayora Official Store","Jakarta Barat","0"
"Migelas CUP MT Soto Ayam","Rp 220.000","0%","Rp 220.000","Mayora Official Store","Jakarta Barat","0"
"Bakmi Mewah Goreng Komplit 110 Gr","Rp 180.000","0%","Rp 180.000","Mayora Official Store","Jakarta Barat","0"
"Grosir Bebek Asap Utuh Spice Islands Indonesia","Rp 270.000","0%","Rp 270.000","Toko Rempah Bumbu","Tangerang","0"
"SEDAAP Mie Ayam Bawang 1Karton Isi 40pcs","Rp 83.400","0%","Rp 83.400","BIZ MART","Tangerang","0"
"Tahu Pong Kotak Pack","Rp 3.700","0%","Rp 3.700","Paskomnas","Tangerang","0"
"Tahu Tofu Kongkee Ayam Pcs","Rp 6.200","0%","Rp 6.200","Paskomnas","Tangerang","0"
"Tahu Coklat Segiempat Pack","Rp 3.700","0%","Rp 3.700","Paskomnas","Tangerang","0"
"FITMEE Mie Instan Rasa Soto","Rp 18.000","0%","Rp 18.000","Fitmee Official Store","Jakarta Utara","0"
"FITMEE Mie Instan Rasa Soto Isi 8","Rp 144.000","0%","Rp 144.000","Fitmee Official Store","Jakarta Utara","0"
"FITMEE Mix Rasa Isi 6","Rp 108.000","0%","Rp 108.000","Fitmee Official Store","Jakarta Utara","0"
"SUN Tim Instan Rasa Cokelat Susu Baru Isi 6 pcs","Rp 66.433","0%","Rp 66.433","IDMARCO","Jakarta Timur","0"
"Indomie Goreng Sambal Matah Isi 40","Rp 93.686","0%","Rp 93.686","IDMARCO","Jakarta Timur","0"
"Indomie Kari Ayam Isi 40 Pcs","Rp 94.631","0%","Rp 94.631","IDMARCO","Jakarta Timur","0"
"SUN Bubur Sereal Susu Rasa Kacang Hijau Sachet 20 gr isi 80 sachet","Rp 101.280","0%","Rp 101.280","IDMARCO","Jakarta Timur","0"
"Mie indomie goreng 85 gram","Rp 96.500","0%","Rp 96.500","Toko sembako cilegon","Cilegon","0"
"BORGES Fusili Pasta 12x500gr/Ctn","Rp 440.000","0%","Rp 440.000","FingerLand","Jakarta Pusat","0"
"GREEN VALLEY Macaroni and Cheese 24x200Gr/Box","Rp 872.000","0%","Rp 872.000","FingerLand","Jakarta Pusat","0"
"GREEN VALLEY Macaroni and Cheese Alfredo Sauce 24x200Gr/Ctn","Rp 639.000","0%","Rp 639.000","FingerLand","Jakarta Pusat","0"
"Paket Hemat III","Rp 123.500","0%","Rp 123.500","FingerLand","Jakarta Pusat","0"
"Paket Hemat VI","Rp 179.500","0%","Rp 179.500","FingerLand","Jakarta Pusat","0"
"BOBO Small Xi Dao Fish Cake 30x200Gr/Ctn","Rp 733.500","0%","Rp 733.500","FingerLand","Jakarta Pusat","0"
"LA FONTE Pasta-Chiferi Rigati no 206 20x500Gr/Ctn","Rp 302.500","0%","Rp 302.500","FingerLand","Jakarta Pusat","0"
"indomie soto 75 gram/40 pcs","Rp 88.000","0%","Rp 88.000","toko kelontong","Cilegon","0"
"VITA Soda Kue 20 gram, isi 400 bungkus","Rp 287.000","0%","Rp 287.000","PD. Sahang Mas","Palembang","0"
"Tempe - Papan","Rp 5.100","0%","Rp 5.100","Pasar Komoditi Nasional","Tangerang","0"
"Telur Ayam","Rp 27.100","0%","Rp 27.100","Pasar Komoditi Nasional","Tangerang","0"
"Roti Krim Cokelat Vanila","Rp 4.500","0%","Rp 4.500","Sari Roti","Jakarta Selatan","0"
"Roti Krim Moka","Rp 4.500","0%","Rp 4.500","Sari Roti","Jakarta Selatan","0"
"Sandwich Keju","Rp 4.500","0%","Rp 4.500","Sari Roti","Jakarta Selatan","0"
"SOSIS IKAN SIAP MAKAN ISI 24 PCS","Rp 22.500","0%","Rp 22.500","Berdua Store","Jakarta Timur","0"
"Gaga Mie Gepeng Ayam Lada Hitam - 5 pcs","Rp 12.000","0%","Rp 12.000","Gaga Official Store","Jakarta Selatan","0"
"Gaga Mie 1000 Goreng Spesial - 5 pcs","Rp 6.000","0%","Rp 6.000","Gaga Official Store","Jakarta Selatan","0"
"Gaga Mie 1000 Soto - 5 pcs","Rp 5.000","0%","Rp 5.000","Gaga Official Store","Jakarta Selatan","0"
"Gaga 100 GORENG Ektra Pedas jalapeno - 5 pcs","Rp 13.500","0%","Rp 13.500","Gaga Official Store","Jakarta Selatan","0"
"Gaga 100 goreng ektra pedas lada hitam - 5 pcs","Rp 13.500","0%","Rp 13.500","Gaga Official Store","Jakarta Selatan","0"
"GAGA Mie Gepeng Soto Cabe Hijau - 10 pcs","Rp 24.000","0%","Rp 24.000","Gaga Official Store","Jakarta Selatan","0"
"GAGA Mie 1000 Ayam Bawang 10 Pcs","Rp 12.000","0%","Rp 12.000","Gaga Official Store","Jakarta Selatan","0"
"GAGA 100 Kuah Pedas Soto - 10 pcs","Rp 26.000","0%","Rp 26.000","Gaga Official Store","Jakarta Selatan","0"
"GAGA Mie Telor Kuning - 10 pcs","Rp 36.000","0%","Rp 36.000","Gaga Official Store","Jakarta Selatan","0"
"ROSE BRAND Bihun Asam Pedas 55gr","Rp 9.000","0%","Rp 9.000","BIZ MART","Tangerang","0"
"INDOMIE Ayam Bawang 40 Pcs/ctn","Rp 91.000","0%","Rp 91.000","Toko kaif bersaudara","Serang","5"
"Indomie Goreng Rendang","Rp 96.000","0%","Rp 96.000","Toko kaif bersaudara","Serang","4.99"
"AMAZY Fried Chicken Frozen 400 gr","Rp 39.000","0%","Rp 39.000","Amazy Frozen Food","Jakarta Selatan","0"
"INDOMIE Instan Goreng 80g","Rp 90.750","0%","Rp 90.750","Klikmart","Tangerang Selatan","0"
"Pop Mie Ayam Isi 24 Pcs","Rp 89.066","0%","Rp 89.066","IDMARCO","Jakarta Timur","0"
"KOKOLA MALKIST SUSU 18PCS X 238 GR","Rp 81.000","0%","Rp 81.000","CV Wijaya santoso","Surabaya","0"
"JOFRANS Bakso Sapi 500 gr","Rp 27.500","0%","Rp 27.500","UD Berkah Tiga Pilar","Tangerang","0"
"Rafins Banana Salted Egg","Rp 25.000","0%","Rp 25.000","RAFINS SNACK","Bandar Lampung","0"
"LOC Teri Nasi Harga Grosir Kemasan 1 Kg","Rp 77.500","0%","Rp 77.500","Jambal Roti Cilacap","Cilacap","5"
"ROSE BRAND Bihun 250 gr 1dus","Rp 214.600","0%","Rp 214.600","RoseBrand Store","Jakarta Selatan","0"
"MIE SEDAP Soto 75gr","Rp 6.150","0%","Rp 6.150","BIZ MART","Tangerang","0"
"GEMEZ Enaak Mie Siap Makan 24gr","Rp 12.495","0%","Rp 12.495","BIZ MART","Tangerang","5"
"INDOMIE Goreng Dus Isi 40 Pcs","Rp 94.900","0%","Rp 94.900","Khaira Jaya","Jakarta Utara","4.5"
"INDOMIE Kuah Rasa Ayam Bawang 1Dus Isi 40pcs","Rp 91.200","0%","Rp 91.200","PRATAMA SUPERMARKET BANGUNAN","Bekasi","4.95"
"KNORR Sup Krim Ayam Pouch 1kg","Rp 91.600","0%","Rp 91.600","Unilever Food Solutions","Tangerang","0"
"SAMBEL MERTUA Sambel Bawang 180gr","Rp 26.000","0%","Rp 26.000","toserda","Bandung","5"
"SAMBEL MERTUA Sambel Teri 80gr","Rp 26.000","0%","Rp 26.000","toserda","Bandung","0"
"6 botol PEUCUN Sambel Kering Kentang 120gr","Rp 210.900","0%","Rp 210.900","toserda","Bandung","0"
"6 botol PEUCUN Bawang Goreng Teri Medan 135gr","Rp 247.950","0%","Rp 247.950","toserda","Bandung","0"
"6 botol TJAP TOEKANG MASAK Sambel Jambal Original 400gr","Rp 404.700","0%","Rp 404.700","toserda","Bandung","0"
"Fruity and Flowery","Rp 801.000","0%","Rp 801.000","Flower Advisior","Jakarta Barat","0"
"Summer Fresh","Rp 904.000","0%","Rp 904.000","Flower Advisior","Jakarta Barat","0"
"INDOMIE Rasa Soto Medan 70gr","Rp 6.900","0%","Rp 6.900","BIZ MART","Tangerang","0"
"ABC Mie Cup Instan Ayam Bawang 60gr","Rp 13.500","0%","Rp 13.500","BIZ MART","Tangerang","0"
"ABC Mie Cup Instan Gulai Ayam Pedas 60gr","Rp 13.500","0%","Rp 13.500","BIZ MART","Tangerang","0"
"ABC Mie Gulai Ayam Pds 60gr","Rp 6.900","0%","Rp 6.900","BIZ MART","Tangerang","0"
"MIE SEDAP Cup Baso 70gr","Rp 10.800","0%","Rp 10.800","BIZ MART","Tangerang","0"
"SARIMI Rasa Tongseng Ayam Dua 120gr","Rp 9.000","0%","Rp 9.000","BIZ MART","Tangerang","0"
"POP MIE Mini Ayam Bawang 35gr","Rp 10.500","0%","Rp 10.500","BIZ MART","Tangerang","0"
"Country Indulgence","Rp 933.000","0%","Rp 933.000","Flower Advisior","Jakarta Barat","0"
"Basketful of Treats","Rp 1.494.000","0%","Rp 1.494.000","Flower Advisior","Jakarta Barat","0"
"For Health`s Sake","Rp 578.000","0%","Rp 578.000","Flower Advisior","Jakarta Barat","0"
"Exotic Bliss","Rp 910.000","0%","Rp 910.000","Flower Advisior","Jakarta Barat","0"
"ABC Mie Cup Instan Kari Ayam 60gr","Rp 13.500","0%","Rp 13.500","BIZ MART","Tangerang","0"
"CAP AYAM 2 Telor Mie Telor Lebar Keriting 135gr","Rp 14.100","0%","Rp 14.100","BIZ MART","Tangerang","0"
"INDOMIE Goreng Rasa Rendang 91gr","Rp 6.900","0%","Rp 6.900","BIZ MART","Tangerang","0"
"ROSE BRAND Bihun Soto Ayam 55gr","Rp 9.000","0%","Rp 9.000","BIZ MART","Tangerang","0"
"CAKALANG Abon Ikan Kecil 70gr","Rp 27.000","0%","Rp 27.000","toserda","Bandung","0"
"6pcs OMMASON MAT Kimchi 215gr","Rp 148.200","0%","Rp 148.200","toserda","Bandung","0"
"6 botol SAMBEL MERTUA Sambel Bawang Goreng Pedas 80gr","Rp 148.200","0%","Rp 148.200","toserda","Bandung","0"
"ABC Mie Goreng Ayam Pedas Limau 60gr","Rp 6.900","0%","Rp 6.900","BIZ MART","Tangerang","0"
"KOKA Laksa Singapura 90gr","Rp 10.500","0%","Rp 10.500","toserda","Bandung","5"
"INDOMIE Goreng Sambal Rica Rica 85gr","Rp 6.900","0%","Rp 6.900","BIZ MART","Tangerang","0"
"MIE SEDAP Cup Ayam Bawang Telur 77gr","Rp 10.800","0%","Rp 10.800","BIZ MART","Tangerang","0"
"SAMYANG Hot Chicken Ramen Spicy 140gr 5pcs","Rp 89.000","0%","Rp 89.000","Morning Chocolate","Jakarta Barat","4.77"
"SAMYANG Hot Chicken Ramen Cheese 140gr 5pcs","Rp 99.000","0%","Rp 99.000","Morning Chocolate","Jakarta Barat","4.87"
"INDOMIE Soto Spesial 75gr","Rp 6.900","0%","Rp 6.900","BIZ MART","Tangerang","0"
"Bakmi Mewah Ayam 110 Gr","Rp 180.000","0%","Rp 180.000","Mayora Official Store","Jakarta Barat","5"
"Grosir Ayam Panggang Rosemary Spice Islands Indonesia","Rp 120.000","0%","Rp 120.000","Toko Rempah Bumbu","Tangerang","0"
"Mie Telor Cap Atom Bulan 200gr","Rp 5.150","0%","Rp 5.150","Toko Monic","Tangerang Selatan","5"
"Tahu Serpong Pack","Rp 5.000","0%","Rp 5.000","Paskomnas","Tangerang","0"
"PAZAR Bawang Goreng 80gr","Rp 30.000","0%","Rp 30.000","Bumbu Dapurku","Tangerang","0"
"LOC Ikan Asin Jambal Roti 1 Kg","Rp 80.000","0%","Rp 80.000","Jambal Roti Cilacap","Cilacap","0"
"INDOMIE Goreng Sambal Matah 85gr","Rp 6.900","0%","Rp 6.900","BIZ MART","Tangerang","0"
"FITMEE Mie Goreng Korea Isi 8","Rp 144.000","0%","Rp 144.000","Fitmee Official Store","Jakarta Utara","0"
"SUN Tim Instan Rasa Ati Ayam Baru Isi 6 pcs","Rp 66.433","0%","Rp 66.433","IDMARCO","Jakarta Timur","0"
"Indomie Goreng Rendang","Rp 93.686","0%","Rp 93.686","IDMARCO","Jakarta Timur","0"
"Promina Nasi Tim Rasa Ayam Tomat Wortel 100 gr","Rp 366.452","0%","Rp 366.452","IDMARCO","Jakarta Timur","0"
"Distibutor Keju Mozzarella Eurial kemasan 2,5 kg","Rp 275.000","0%","Rp 275.000","ORYZAFOOD.ID","Bekasi","0"
"Distributor Potato flakes (Kentang bubuk) Lutosa 1 kg","Rp 55.000","0%","Rp 55.000","ORYZAFOOD.ID","Bekasi","0"
"ENGEL Mashed Potato Broccoli 8x3x45Gr/Ctn","Rp 323.000","0%","Rp 323.000","FingerLand","Jakarta Pusat","0"
"ENGEL Mashed Potato Chili Tex-mex 8x3x45Gr/Ctn","Rp 323.000","0%","Rp 323.000","FingerLand","Jakarta Pusat","0"
"ENGEL Instant Mushroom Soup 8x3x50Gr/Ctn","Rp 323.000","0%","Rp 323.000","FingerLand","Jakarta Pusat","0"
"Paket Hemat IV","Rp 123.500","0%","Rp 123.500","FingerLand","Jakarta Pusat","0"
"Paket Hemat V","Rp 179.500","0%","Rp 179.500","FingerLand","Jakarta Pusat","0"
"PAGI Agar-agar 7 gr, isi 288 bungkus","Rp 680.000","0%","Rp 680.000","PD. Sahang Mas","Palembang","0"
"Tahu Kuning Pack","Rp 7.700","0%","Rp 7.700","Pasar Komoditi Nasional","Tangerang","0"
"Roti Krim Kapucino","Rp 4.500","0%","Rp 4.500","Sari Roti","Jakarta Selatan","0"
"Sandwich Kacang","Rp 4.500","0%","Rp 4.500","Sari Roti","Jakarta Selatan","0"
"San Remo Penne 500g â€“ Australia","Rp 19.000","0%","Rp 19.000","BIGbox Asia","Tangerang","0"
"San Remo Instant Lasagna 250g - Australia","Rp 25.000","0%","Rp 25.000","BIGbox Asia","Tangerang","5"
"SAN REMO Spinach Fettuccine 500gr - Australia","Rp 19.000","0%","Rp 19.000","BIGbox Asia","Tangerang","0"
"Telur Ayam 1 kg","Rp 28.300","0%","Rp 28.300","Paskomnas","Tangerang","0"
"Mi Telor Kuning Isi 20 pcs","Rp 71.999","0%","Rp 71.999","IDMARCO","Jakarta Timur","0"
"Pop Mie Soto Ayam Isi 24 Pcs","Rp 89.066","0%","Rp 89.066","IDMARCO","Jakarta Timur","5"
"Gaga Mie Gepeng Soto Cabe Hijau - 5 pcs","Rp 12.000","0%","Rp 12.000","Gaga Official Store","Jakarta Selatan","0"
"Gaga Mie telor kuning - 5 pcs","Rp 18.000","0%","Rp 18.000","Gaga Official Store","Jakarta Selatan","0"
"Gaga BAKMI 200GR - 5 pcs","Rp 30.000","0%","Rp 30.000","Gaga Official Store","Jakarta Selatan","0"
"GAGA Mie 100 Goreng Ektra Pedas Jalapeno 10pcs","Rp 27.000","0%","Rp 27.000","Gaga Official Store","Jakarta Selatan","0"
"GAGA Mie Gepeng Goreng Ayam Panggang -10 pcs","Rp 25.000","0%","Rp 25.000","Gaga Official Store","Jakarta Selatan","0"
"GAGA Mie 1000 Ayam Bawang 1 Dus Isi 40 pcs","Rp 48.000","0%","Rp 48.000","Gaga Official Store","Jakarta Selatan","0"
"GAGA 100 Goreng Ekstra Pedas Lada Hitam - 10pcs","Rp 27.000","0%","Rp 27.000","Gaga Official Store","Jakarta Selatan","0"
"GAGA Bakmi 200gr 10 Pcs","Rp 60.000","0%","Rp 60.000","Gaga Official Store","Jakarta Selatan","0"
"GAGA Mie 1000 Goreng Special 10 Pcs","Rp 12.000","0%","Rp 12.000","Gaga Official Store","Jakarta Selatan","0"
"GAGA 100 Mie Goreng Ekstra Pedas Jalapeno 40 Pcs","Rp 108.000","0%","Rp 108.000","Gaga Official Store","Jakarta Selatan","0"
"SAPI QURBAN LOKAL SUMBAR","Rp 14.300.000","0%","Rp 14.300.000","RUMAH TERNAK ANDALAS","Padang","0"
"FITMEE Mix Rasa Isi 4","Rp 72.000","0%","Rp 72.000","Fitmee Official Store","Jakarta Utara","5"
"XIANGLONG Cap Naga Sohun Kecil 100gr Isi 250pcs","Rp 666.250","0%","Rp 666.250","Anak Mas Indah","Tangerang","0"
"SU Cap Naga Sohun Mini 50gr Isi 500pcs","Rp 648.225","0%","Rp 648.225","Anak Mas Indah","Tangerang","0"
"SU Cap Naga Sohun Sedang 250gr Isi 100pcs","Rp 584.250","0%","Rp 584.250","Anak Mas Indah","Tangerang","0"
"Dapros asoy Mentah Kemasan 1 kg OlehOleh Garut Bandung Sunda","Rp 55.000","0%","Rp 55.000","Oleh Oleh Garut09","Garut","0"
"Siomay kering 250 gram campuran Seblak oleh oleh garut bandung sunda bdg","Rp 15.000","0%","Rp 15.000","Oleh Oleh Garut09","Garut","5"
"KERING TEMPE PEDAS MANIS GURIH","Rp 122.250","0%","Rp 122.250","Kemilau Shop","Semarang","0"
"AMAZY Chicken Katsu Frozen 250 gr","Rp 29.000","0%","Rp 29.000","Amazy Frozen Food","Jakarta Selatan","0"
"AMAZY Ekado Frozen","Rp 30.000","0%","Rp 30.000","Amazy Frozen Food","Jakarta Selatan","0"
"AMAZY Chicken Patty","Rp 25.000","0%","Rp 25.000","Amazy Frozen Food","Jakarta Selatan","0"
"GAGA 100 Kuah Ekstra Pedas Jalapeno - 10 pcs","Rp 26.000","0%","Rp 26.000","Gaga Official Store","Jakarta Selatan","0"
"Gaga Bakmi 200 gr ( 2 pcs) free Sepasang Sumpit Melamin","Rp 12.000","0%","Rp 12.000","Gaga Official Store","Jakarta Selatan","0"
"Rafins Kripik Singkong Taro Salted Egg 130 gr","Rp 25.000","0%","Rp 25.000","RAFINS SNACK","Bandar Lampung","0"
"ARIRANG Salted Egg - Grosir (Surabaya)","Rp 15.450","0%","Rp 15.450","Bakul Elite","Surabaya","0"
"Mie Gaga Extra Pedas - Kuah Jalapeno - Grosir (Surabaya)","Rp 2.472","0%","Rp 2.472","Bakul Elite","Surabaya","0"
"Inaco Jelly - Grosir (Surabaya)","Rp 26.265","0%","Rp 26.265","Bakul Elite","Surabaya","0"
"Arirang Chicken Fried Noodle - Grosir (Surabaya)","Rp 10.815","0%","Rp 10.815","Bakul Elite","Surabaya","0"
"Samyang Hot Chicken Ramen - Grosir (Surabaya)","Rp 15.965","0%","Rp 15.965","Bakul Elite","Surabaya","0"
"SARIMI 2 Mie Gulai Ayam 115gr","Rp 9.000","0%","Rp 9.000","BIZ MART","Tangerang","0"
"LOC Teri Nasi Asli Cilacap Ikan Asin Kemasan 250 Gram","Rp 25.000","0%","Rp 25.000","Jambal Roti Cilacap","Cilacap","0"
"Indomie Mie Goreng Special Mie Instant 85 g/ 40 pcs","Rp 91.752","0%","Rp 91.752","Bhinneka Pangan","Jakarta Barat","0"
"Indomie Soto Mie Instan 75 g/40 pcs","Rp 86.500","0%","Rp 86.500","Bhinneka Pangan","Jakarta Barat","0"
"ROSE BRAND Bihun Instant Soto Ayam 1dus","Rp 72.700","0%","Rp 72.700","RoseBrand Store","Jakarta Selatan","0"
"JENGKOL BALADO IRIS NYUSSSS","Rp 50.000","0%","Rp 50.000","DAPOER KITA","Bekasi","0"
"DJARUM Super 12/Slope","Rp 176.000","0%","Rp 176.000","Hanan Store","Semarang","5"
"MIE SEDAP Sambal Goreng 88gr","Rp 6.900","0%","Rp 6.900","BIZ MART","Tangerang","0"
"INDOMIE Kari Ayam 40pcs/Dus","Rp 95.000","0%","Rp 95.000","Bunda Shop","Tangerang Selatan","0"
"GAGA Mie 1000 Goreng Spesial 1 Dus Isi 40 pcs","Rp 48.000","0%","Rp 48.000","Gaga Official Store","Jakarta Selatan","0"
"INDOMIE Goreng Dus @40 Pcs","Rp 95.000","0%","Rp 95.000","Bunda Shop","Tangerang Selatan","5"
"POPMIE Rasa Ayam 75gr 1Dus Isi 24pcs","Rp 91.800","0%","Rp 91.800","PRATAMA SUPERMARKET BANGUNAN","Bekasi","5"
"INDOMIE Mie Instan Goreng 1 Dus Isi 40pcs","Rp 100.000","0%","Rp 100.000","iMEATu","Tangerang Selatan","0"
"INDOMIE Ayam Bawang 69gr","Rp 6.600","0%","Rp 6.600","BIZ MART","Tangerang","0"
"INDOMIE Ayam Bawang Dus @40 Pcs","Rp 93.000","0%","Rp 93.000","Khaira Jaya","Jakarta Utara","5"
"Gentle Goodness","Rp 933.000","0%","Rp 933.000","Flower Advisior","Jakarta Barat","0"
"Gourmet Gift","Rp 1.733.000","0%","Rp 1.733.000","Flower Advisior","Jakarta Barat","0"
"Sweet Emotion","Rp 1.866.000","0%","Rp 1.866.000","Flower Advisior","Jakarta Barat","0"
"LOC Ikan Asin Lumbon / Jambrong / Sitting 250 Gram","Rp 25.000","0%","Rp 25.000","Jambal Roti Cilacap","Cilacap","0"
"UDA GEMBUL Rendang Gaul Daging Sapi Lvl 1 150gr","Rp 39.500","0%","Rp 39.500","toserda","Bandung","5"
"UDA GEMBUL Rendang Gaul Daging Sapi Lvl 10 150gr","Rp 39.500","0%","Rp 39.500","toserda","Bandung","0"
"RENDANG NENEK Ayam Suwir 200gr","Rp 54.500","0%","Rp 54.500","toserda","Bandung","0"
"RENDANG NENEK Paru Sapi Pedas 200gr","Rp 67.000","0%","Rp 67.000","toserda","Bandung","0"
"INDOMIE Mie Goreng 85gr","Rp 6.600","0%","Rp 6.600","BIZ MART","Tangerang","5"
"MIE SEDAP Cup Soto 81gr","Rp 10.800","0%","Rp 10.800","BIZ MART","Tangerang","0"
"MIE SEDAP Ayam Spesial 69gr","Rp 6.150","0%","Rp 6.150","BIZ MART","Tangerang","0"
"INDOMIE Goreng Rasa Soto 85gr","Rp 6.600","0%","Rp 6.600","BIZ MART","Tangerang","0"
"SAMBEL MERTUA Sambel Bawang Goreng Pedas 80gr","Rp 26.000","0%","Rp 26.000","toserda","Bandung","0"
"Berries Sweet","Rp 444.000","0%","Rp 444.000","Flower Advisior","Jakarta Barat","0"
"Luscious Haven","Rp 839.000","0%","Rp 839.000","Flower Advisior","Jakarta Barat","0"
"Full Bodied Hamper","Rp 1.271.000","0%","Rp 1.271.000","Flower Advisior","Jakarta Barat","0"
"MIE SEDAP Kari Ayam 72gr","Rp 6.150","0%","Rp 6.150","BIZ MART","Tangerang","0"
"RICA ROA Abon Ikan 70gr","Rp 41.000","0%","Rp 41.000","toserda","Bandung","0"
"6 botol BU RUDY Sambal Bawang 130gr","Rp 182.400","0%","Rp 182.400","toserda","Bandung","0"
"UDA GEMBUL Rendang Gaul Daging Sapi Lvl 5 150gr","Rp 39.500","0%","Rp 39.500","toserda","Bandung","0"
"ABC Mie Rasa Ayam Bawang 70gr","Rp 6.900","0%","Rp 6.900","BIZ MART","Tangerang","0"
"CAP AYAM 2 Telor Mie Telor Lebar Keriting 200gr","Rp 14.100","0%","Rp 14.100","BIZ MART","Tangerang","0"
"GAGA Mie Telor A1 180gr","Rp 10.200","0%","Rp 10.200","BIZ MART","Tangerang","0"
"INDOMIE Goreng Special 85gr","Rp 6.900","0%","Rp 6.900","BIZ MART","Tangerang","0"
"POP MIE Cup Soto 60gr","Rp 13.500","0%","Rp 13.500","BIZ MART","Tangerang","0"
"SAMBEL MERTUA Sambel Ebi 180gr","Rp 28.500","0%","Rp 28.500","toserda","Bandung","0"
"INDOMIE Rasa Empal Gentong 85gr","Rp 6.900","0%","Rp 6.900","BIZ MART","Tangerang","0"
"MIE SEDAP Kari Spesial 72gr","Rp 6.150","0%","Rp 6.150","BIZ MART","Tangerang","0"
"Gaga Bakmi 200 gr ( 2 pcs) Free Royco rasa Sapi 8 gr","Rp 12.000","0%","Rp 12.000","Gaga Official Store","Jakarta Selatan","5"
"POP MIE Mini Baso Sapi 38gr","Rp 10.500","0%","Rp 10.500","BIZ MART","Tangerang","0"
"Peyek Kacang & Rebon ya PEYEKIN","Rp 80.000","0%","Rp 80.000","Toko Lulu","Bogor","0"
"GAGA Mie Kuah Gepeng Ayam Bawang Pedas 67gr","Rp 5.250","0%","Rp 5.250","BIZ MART","Tangerang","5"
"POP MIE Cup Goreng Pedas 80gr","Rp 13.500","0%","Rp 13.500","BIZ MART","Tangerang","0"
"PAZAR Cabai Merah Kering 35gr","Rp 18.000","0%","Rp 18.000","Bumbu Dapurku","Tangerang","5"
"BURUNG DARA Mie Kering 136gr","Rp 19.200","0%","Rp 19.200","BIZ MART","Tangerang","0"
"INDOMIE Goreng Rasa Ayam Bawang 85gr","Rp 6.600","0%","Rp 6.600","BIZ MART","Tangerang","0"
"Browker Cemilan Unik Brownies Kering","Rp 14.900","0%","Rp 14.900","Sasimi","Bandung","4.95"
"Super Bubur Ayam Cup 64 Gr","Rp 132.000","0%","Rp 132.000","Mayora Official Store","Jakarta Barat","0"
"Grosir Ayam Panggang Oregano Spice Islands Indonesia","Rp 120.000","0%","Rp 120.000","Toko Rempah Bumbu","Tangerang","0"
"Orange Eggs","Rp 22.000","0%","Rp 22.000","Takas Mulia","Jakarta Utara","0"
"Tahu Coklat Segitiga Pack","Rp 3.700","0%","Rp 3.700","Paskomnas","Tangerang","0"
"Tahu Tofu Kongkee Udang Pcs","Rp 6.200","0%","Rp 6.200","Paskomnas","Tangerang","0"
"BELFOOD SOSIS AYAM SMOKED/ASAP 360gr","Rp 43.000","0%","Rp 43.000","Tuying Shop","Tangerang Selatan","0"
"FITMEE Mie Instan Rasa Soto Isi 24","Rp 432.000","0%","Rp 432.000","Fitmee Official Store","Jakarta Utara","0"
"FITMEE Mix Rasa Isi 8","Rp 144.000","0%","Rp 144.000","Fitmee Official Store","Jakarta Utara","0"
"Buburia Ayam Kampung Cup 70 gr isi 12 pcs","Rp 55.125","0%","Rp 55.125","IDMARCO","Jakarta Timur","0"
"SUN Tim Instan Rasa Stroberi Apel Isi 6 pcs","Rp 64.743","0%","Rp 64.743","IDMARCO","Jakarta Timur","0"
"Pop Mie Kari Ayam Isi 12 Pcs","Rp 44.533","0%","Rp 44.533","IDMARCO","Jakarta Timur","0"
"Indomie Ayam Special Isi 40 Pcs","Rp 90.221","0%","Rp 90.221","IDMARCO","Jakarta Timur","0"
"Promina Bubur Tim Rasa Salmon Norwegia 100 gr","Rp 366.452","0%","Rp 366.452","IDMARCO","Jakarta Timur","0"
"Distibutor Keju Mozzarella Eurial kemasan 10 kg Original","Rp 975.000","0%","Rp 975.000","ORYZAFOOD.ID","Bekasi","0"
"Mie Sedap Goreng 91GR","Rp 95.000","0%","Rp 95.000","Toko ameera asqia","Cilegon","0"
"Bawang Bombay 1 Kg","Rp 18.400","0%","Rp 18.400","Paskomnas","Tangerang","5"
"GORGES Farfalle Pasta 12x500gr/Ctn","Rp 440.000","0%","Rp 440.000","FingerLand","Jakarta Pusat","0"
"BORGES Penne Rigate Pasta 12x500Gr/Ctn","Rp 440.000","0%","Rp 440.000","FingerLand","Jakarta Pusat","0"
"Skippy Peanut Butter Chunky 500g - China","Rp 64.000","0%","Rp 64.000","BIGbox Asia","Tangerang","5"
"San Remo Fettuccine 500g â€“ Australia","Rp 19.000","0%","Rp 19.000","BIGbox Asia","Tangerang","0"
"San Remo Pasta Spaghetti #5 500Gr","Rp 21.000","0%","Rp 21.000","BIGbox Asia","Tangerang","0"
"INDOMIE Mie Instan Soto 75gr 1 Dus Isi 40pcs","Rp 95.000","0%","Rp 95.000","iMEATu","Tangerang Selatan","0"
"Tahu Bandung Sutra Pack","Rp 7.400","0%","Rp 7.400","Paskomnas","Tangerang","0"
"Indomie Goreng Spesial Jumbo Isi 24 Pcs","Rp 74.130","0%","Rp 74.130","IDMARCO","Jakarta Timur","0"
"Gaga 100 kuah Pedas soto - 5 pcs","Rp 13.000","0%","Rp 13.000","Gaga Official Store","Jakarta Selatan","0"
"Gaga Mie Gepeng Ayam Lada Hitam - 10 pcs","Rp 24.000","0%","Rp 24.000","Gaga Official Store","Jakarta Selatan","0"
"GAGA Mie Gepeng Soto Cabe Hijau 40 Pcs","Rp 108.000","0%","Rp 108.000","Gaga Official Store","Jakarta Selatan","0"
"GAGA Mie Gepeng Goreng Ayam Panggang 40 Pcs","Rp 108.000","0%","Rp 108.000","Gaga Official Store","Jakarta Selatan","0"
"GAGA Mie Telor Kuning 20 Pcs","Rp 72.000","0%","Rp 72.000","Gaga Official Store","Jakarta Selatan","0"
"GAGA 100 Mie Kuah Ekstra Pedas Jalapeno 40 Pcs","Rp 108.000","0%","Rp 108.000","Gaga Official Store","Jakarta Selatan","0"
"GAGA 100 Mie Kuah Pedas Soto 40 Pcs","Rp 108.000","0%","Rp 108.000","Gaga Official Store","Jakarta Selatan","0"
"GAGA Mie Gepeng Ayam Lada Hitam 40 Pcs","Rp 108.000","0%","Rp 108.000","Gaga Official Store","Jakarta Selatan","0"
"INDOMIE Soto Mie Instan 75 gram / 40 pcs","Rp 91.000","0%","Rp 91.000","Toko kaif bersaudara","Serang","5"
"INDOMIE Goreng Special 40 Pcs/ctn","Rp 96.000","0%","Rp 96.000","Toko kaif bersaudara","Serang","5"
"SUPERIOR Bihun Beras Urai 250gr Isi 12pcs","Rp 74.169","0%","Rp 74.169","Anak Mas Indah","Tangerang","0"
"SU Cap Naga Sohun Besar 500gr - Isi 50pcs","Rp 584.250","0%","Rp 584.250","Anak Mas Indah","Tangerang","0"
"AYAM 2 TELOR Mie Telor Kuning 200GR isi 20pcs","Rp 75.368","0%","Rp 75.368","Anak Mas Indah","Tangerang","0"
"A2T Mie Telor Lebar Kriting Merah 200gr isi 20pcs - Pembelian 3 Karton Free 1 Karton","Rp 75.368","0%","Rp 75.368","Anak Mas Indah","Tangerang","0"
"Bihun Erawan 500gr - isi 12pcs","Rp 225.500","0%","Rp 225.500","Anak Mas Indah","Tangerang","0"
"NONGSHIM Shin Ramyun Shrimp Flavour 120 gr","Rp 11.500","0%","Rp 11.500","BIGbox Asia","Tangerang","0"
"NONGSHIM Shin Ramyun Spicy Mushroom 120 gr","Rp 11.500","0%","Rp 11.500","BIGbox Asia","Tangerang","0"
"AMAZY Beef Patty","Rp 35.000","0%","Rp 35.000","Amazy Frozen Food","Jakarta Selatan","0"
"AMAZY Kentang Frozen 500 gr","Rp 18.000","0%","Rp 18.000","Amazy Frozen Food","Jakarta Selatan","0"
"INDOMIE Instan Ayam Spesial","Rp 87.700","0%","Rp 87.700","Klikmart","Tangerang Selatan","0"
"INDOMIE Mie Instan Goreng Isi 40pcs / Dus","Rp 93.000","0%","Rp 93.000","Usaha Kita","Tangerang Selatan","4.91"
"Indomie Goreng Karton isi 40 pcs","Rp 93.686","0%","Rp 93.686","IDMARCO","Jakarta Timur","5"
"GANGSAR 20PCS X 140GR","Rp 91.000","0%","Rp 91.000","CV Wijaya santoso","Surabaya","0"
"INDOMIE Ayam Bawang 40pcs/CTN","Rp 85.000","0%","Rp 85.000","Bunda Shop","Tangerang Selatan","0"
"Mie Gaga Extra Pedas - Goreng Lada Hitam - Grosir (Surabaya)","Rp 2.781","0%","Rp 2.781","Bakul Elite","Surabaya","0"
"Mie Gaga Extra pedas - Kuah Soto - Grosir (Surabaya)","Rp 2.472","0%","Rp 2.472","Bakul Elite","Surabaya","0"
"Mie Gaga Extra Pedas - Goreng Jalapeno - Grosir (Surabaya)","Rp 2.781","0%","Rp 2.781","Bakul Elite","Surabaya","0"
"Arirang Noodle Soup Marrow - Grosir (Surabaya)","Rp 10.815","0%","Rp 10.815","Bakul Elite","Surabaya","0"
"SAMYANG Carbonara - Grosir (Surabaya)","Rp 20.497","0%","Rp 20.497","Bakul Elite","Surabaya","0"
"INDOMIE Rasa Soto Dus @40 Pcs","Rp 90.000","0%","Rp 90.000","Asri sejahtera","Cilegon","5"
"INDOMIE Rasa Soto Dus Isi 40 Pcs","Rp 95.000","0%","Rp 95.000","Nazwa-Fathan Jaya","Cilegon","0"
"INDOMIE Soto Mie 40 Pcs/ctn","Rp 89.000","0%","Rp 89.000","Toko sembako cilegon","Cilegon","5"
"ROSE BRAND Bihun Instant Goreng Spesial 1dus","Rp 80.200","0%","Rp 80.200","RoseBrand Store","Jakarta Selatan","0"
"ROSE BRAND Bihun Instant Kaldu Ayam 1dus","Rp 72.700","0%","Rp 72.700","RoseBrand Store","Jakarta Selatan","0"
"ROSE BRAND Bihun 400 gr 1dus","Rp 211.500","0%","Rp 211.500","RoseBrand Store","Jakarta Selatan","0"
"KNORR Potato Flakes 500gr Isi 12 Sachet","Rp 667.200","0%","Rp 667.200","Unilever Food Solutions","Tangerang","5"
"INDOMIE Goreng Rasa Masak Habang 85gr","Rp 6.900","0%","Rp 6.900","BIZ MART","Tangerang","0"
"INDOMIE Kuah Rasa Soto 1Dus Isi 40pcs","Rp 91.200","0%","Rp 91.200","PRATAMA SUPERMARKET BANGUNAN","Bekasi","5"
"INDOMIE Soto Mie 70gr 1Karton Isi 40pcs","Rp 88.000","0%","Rp 88.000","BIZ MART","Tangerang","5"
"INDOMIE Soto Mie 70gr","Rp 6.900","0%","Rp 6.900","BIZ MART","Tangerang","0"
"MIE SEDAP Goreng 91gr","Rp 6.900","0%","Rp 6.900","BIZ MART","Tangerang","0"
"INDOMIE Goreng Dus Isi 40 Pcs","Rp 100.000","0%","Rp 100.000","Nazwa-Fathan Jaya","Cilegon","0"
"Paket Kulit isi 3 pcs","Rp 75.000","0%","Rp 75.000","RAFINS SNACK","Bandar Lampung","0"
"INDOMIE Mie Instan Ayam Bawang 1 Dus Isi 40pcs","Rp 88.500","0%","Rp 88.500","Usaha Kita","Tangerang Selatan","5"
"MIE TELUR CAP 3 AYAM Mie Telur Kuning 200gr 20s","Rp 72.165","0%","Rp 72.165","Grosir Karawaci","Tangerang","0"
"HEAT N EAT Tongseng Kambing 250gr","Rp 89.400","0%","Rp 89.400","Glomart","Jakarta Timur","0"
"HEAT N EAT Semur Daging 250gr","Rp 74.000","0%","Rp 74.000","Glomart","Jakarta Timur","5"
"Singkong Siap Goreng Organik","Rp 14.000","0%","Rp 14.000","Tuku Tuku Natural","Tangerang Selatan","0"
"SAKURA Mie Instan Goreng Dus","Rp 54.639","0%","Rp 54.639","Grosir Karawaci","Tangerang","0"
"INDOMIE Soto/Pcs","Rp 2.400","0%","Rp 2.400","Toko Paidi","Tangerang","5"
"INDOMIE Goreng Aceh","Rp 92.810","0%","Rp 92.810","BIG MART X KLIKDAILY","Tangerang","0"
"MIE TELUR CAP 3 AYAM Mie Telur Kuning 200gr 20s","Rp 73.000","0%","Rp 73.000","BIG MART X KLIKDAILY","Tangerang","5"
"INDOMIE Goreng Original","Rp 91.000","0%","Rp 91.000","Toko Nenny","Cirebon","0"
"INDOMIE Goreng Dus","Rp 93.334","0%","Rp 93.334","Toko Sinar Sari","Tangerang","0"
"DJARUM Super 16s/Slope","Rp 202.500","0%","Rp 202.500","Maju Mandiri Sejahtera","Tangerang Selatan","0"
"DJARUM Super 12/Slope","Rp 167.022","0%","Rp 167.022","BIG MART X KLIKDAILY","Tangerang","0"
"INDOMIE Kari Ayam","Rp 95.878","0%","Rp 95.878","BIG MART X KLIKDAILY","Tangerang","0"
"INDOMIE Ayam Bawang","Rp 88.400","0%","Rp 88.400","BIG MART X KLIKDAILY","Tangerang","0"
"INDOMIE Ayam Bawang 1 Karton","Rp 88.300","0%","Rp 88.300","Toko ABS Cipondoh","Jakarta Barat","5"
"INDOMIE Soto 1 Karton","Rp 88.300","0%","Rp 88.300","Toko ABS Cipondoh","Jakarta Barat","5"
"INDOMIE Kari Ayam 1 Dus isi 40pcs","Rp 91.000","0%","Rp 91.000","ALAM NUR GROSIR","Padang","5"
"Indomie goreng 40 pcs / karton","Rp 92.700","0%","Rp 92.700","Warlas grosir","Tangerang Selatan","0"
"INDOMIE Ayam Bawang Isi 40 Pcs","Rp 87.421","0%","Rp 87.421","Double Win","Jakarta Utara","0"
"BOBA KING Jelly Coffe Topping 2 Kg","Rp 147.400","0%","Rp 147.400","Aladin Jaya","Bandar Lampung","0"
"INDOMIE Ayam Bawang Dus 40 Pcs","Rp 88.863","0%","Rp 88.863","BIG MART JAKARTA","Tangerang","0"
"INDOMIE Goreng 85g","Rp 94.000","0%","Rp 94.000","Big Mart","Tangerang","4.99"
"DJARUM LA Bold 20","Rp 215.000","0%","Rp 215.000","Maju Mandiri Sejahtera","Tangerang Selatan","0"
"INDOMIE Soto / Ayam Bawang pcs","Rp 3.000","0%","Rp 3.000","Toko Anugerah/Sun How 2","Tangerang","5"
"INDOMIE Goreng","Rp 94.921","0%","Rp 94.921","BIG MART X KLIKDAILY","Tangerang","0"
"INDOMIE Goreng Rendang 91g","Rp 93.922","0%","Rp 93.922","Big Mart","Tangerang","4.93"
"MIE TELUR CAP 3 AYAM Mie Telur Kuning 200gr 20s","Rp 72.180","0%","Rp 72.180","Big Mart","Tangerang","5"
"DJARUM Black 16s/Slope","Rp 196.350","0%","Rp 196.350","Big Mart","Tangerang","5"
"DJARUM Super MLD 20 Per Slope Bgm","Rp 213.150","0%","Rp 213.150","Big Mart","Tangerang","0"
"GUDANG GARAM Surya Pro Mild 16","Rp 146.700","0%","Rp 146.700","Maju Mandiri Sejahtera","Tangerang Selatan","0"
"INDOMIE Rasa Ayam Spesial 68 gr","Rp 87.000","0%","Rp 87.000","Toko Nenny","Cirebon","0"
"INDOMIE Goreng Dus @40 Pcs","Rp 90.000","0%","Rp 90.000","ALAM NUR GROSIR","Padang","5"
"INDOMIE Ayam Bawang 69g","Rp 88.400","0%","Rp 88.400","Big Mart","Tangerang","5"
"INDOMIE Goreng Aceh","Rp 91.900","0%","Rp 91.900","Big Mart","Tangerang","5"
"DJARUM Super MLD 12 Per Slope Bgm","Rp 120.540","0%","Rp 120.540","Big Mart","Tangerang","0"
"DJARUM Black Mild 16s/Slope","Rp 152.250","0%","Rp 152.250","Big Mart","Tangerang","0"
"DJARUM Super 12/SlopeBGM","Rp 165.270","0%","Rp 165.270","Big Mart","Tangerang","5"
"DJARUM Super 12/BalO2O","Rp 3.297.000","0%","Rp 3.297.000","Big Mart","Tangerang","5"
"GUDANG GARAM Filter Kaleng (Isi 50 Batang)","Rp 628.000","0%","Rp 628.000","Maju Mandiri Sejahtera","Tangerang Selatan","0"
"GUDANG GARAM Surya 16/Bal","Rp 216.400","0%","Rp 216.400","Maju Mandiri Sejahtera","Tangerang Selatan","0"
"INDOMIE Ayam Bawang Dus","Rp 88.206","0%","Rp 88.206","Toko Sinar Sari","Tangerang","0"
"INDOMIE Soto","Rp 2.460","0%","Rp 2.460","Toko Anugerah 1","Tangerang","5"
"INDOMIE Goreng 5 Pcs","Rp 2.400","0%","Rp 2.400","Toko H Zaenal","Cirebon","0"
"INDOMIE Soto","Rp 88.400","0%","Rp 88.400","BIG MART X KLIKDAILY","Tangerang","0"
"INDOMIE Goreng 1 Karton","Rp 93.400","0%","Rp 93.400","Toko ABS Cipondoh","Jakarta Barat","5"
"INDOMIE Soto Mie 40 Pcs/ctn","Rp 88.206","0%","Rp 88.206","Toko Sinar Sari","Tangerang","0"
"DJARUM Super 12/Slope","Rp 166.138","0%","Rp 166.138","BIG MART JAKARTA","Tangerang","5"
"BOBA KING Tapioca Pearl 1 Kg","Rp 45.900","0%","Rp 45.900","Aladin Jaya","Bandar Lampung","0"
"INDOMIE Soto Mie 70g","Rp 88.400","0%","Rp 88.400","Big Mart","Tangerang","4.99"
"DJARUM Coklat 12","Rp 125.000","0%","Rp 125.000","Maju Mandiri Sejahtera","Tangerang Selatan","0"
"BUNONI Bawang Rebon Pedas 100gr","Rp 42.000","0%","Rp 42.000","Pesona Nusantara","Jakarta Barat","0"
"Mubarak Dates Kurma Khalas Premium","Rp 82.000","0%","Rp 82.000","Adaan Jaya","Tangerang Selatan","0"
"FRESHJELL Rasa Melon 15g x 12pack - isi 12pcs","Rp 464.838","0%","Rp 464.838","Anak Mas Indah","Tangerang","0"
"Ramen Gorilla Instant Noodle Yamie Goreng Kari Super Pedas","Rp 11.000","0%","Rp 11.000","BKenz","Surabaya","5"
"ABON BABY SMART RASA SAPI ABONNYA BAYI DAN ANAK ANAK","Rp 27.000","0%","Rp 27.000","Teddy Mart","Jakarta Pusat","5"
"BUNONI Spesial Abon Ayam Pedas 100gr","Rp 42.000","0%","Rp 42.000","Pesona Nusantara","Jakarta Barat","0"
"CETAKAN DAWET CENDOL SRUUT + 1 bungkus tepung HALAL AMAN ENAK PRAKTIS","Rp 55.000","0%","Rp 55.000","Fayz Store","Jakarta Barat","5"
"Paket Oleh-Oleh Haji","Rp 27.000","0%","Rp 27.000","khalifah","Depok","0"
"Abon Ikan Tuna rasa Pedas 1 Pack isi 12 x @120 gram","Rp 232.000","0%","Rp 232.000","Hazalea Distr","Cilacap","0"
"Abon Ikan Salmon 1 Pack isi 12 x @100 gram","Rp 200.000","0%","Rp 200.000","Hazalea Distr","Cilacap","0"
"FRESHJELL Plain Tanpa Rasa 15g x 12pack - isi 12pcs","Rp 464.838","0%","Rp 464.838","Anak Mas Indah","Tangerang","0"
"FRESHJELL Rasa Leci 15g x 12pack - isi 12pcs","Rp 464.838","0%","Rp 464.838","Anak Mas Indah","Tangerang","0"
"AA Mie Telor 210g - isi 20pcs","Rp 84.500","0%","Rp 84.500","Anak Mas Indah","Tangerang","0"
"ENAM PUTRI Dodol Salak Isi 2 Kaleng","Rp 48.000","0%","Rp 48.000","Pesona Nusantara","Jakarta Barat","0"
"SHIRATAKI Wet Noodle - Mie Basah - Mie Rendah Kalori","Rp 7.500","0%","Rp 7.500","nin's collections","Bogor","0"
"FRESHJELL Rasa Jeruk 15g x 12pack - isi 12pcs","Rp 464.838","0%","Rp 464.838","Anak Mas Indah","Tangerang","0"
"FRESHJELL Rasa Stroberry 15g x 12pack - isi 12pcs","Rp 464.838","0%","Rp 464.838","Anak Mas Indah","Tangerang","0"
"FRESHJELL Rasa Anggur 15g x 12pack - isi 12pcs","Rp 464.838","0%","Rp 464.838","Anak Mas Indah","Tangerang","0"
"FRESHNATA 10 gr x 12pack - isi 12pcs","Rp 313.650","0%","Rp 313.650","Anak Mas Indah","Tangerang","0"
"INDOMIE Ayam Bawang 70gr 1Karton Isi 40pcs","Rp 83.160","0%","Rp 83.160","BIZ MART","Tangerang","0"
"BUNONI Bawang Goreng 100gr","Rp 36.000","0%","Rp 36.000","Pesona Nusantara","Jakarta Barat","0"
"BUNONI Spesial Abon Ayam Original 100gr","Rp 42.000","0%","Rp 42.000","Pesona Nusantara","Jakarta Barat","0"
"3 AYAM Mie Telor Kuning 200gr 20pcs","Rp 71.400","0%","Rp 71.400","BIZ MART","Tangerang","0"
"Abon Ikan Tuna rasa Manis 1 Pack isi 12 x @120 gram","Rp 213.000","0%","Rp 213.000","Hazalea Distr","Cilacap","0"
"Sambel Tuna 1 Pack isi 12 x @150 gram","Rp 260.000","0%","Rp 260.000","Hazalea Distr","Cilacap","0"
"Kanokwan Orinetal Braised Beef Seasoning Paste 200gr","Rp 29.000","0%","Rp 29.000","CV. Tigana Sukses","Tangerang","5"
"FRESHJELL Rasa Kelapa 15g x 12pack - isi 12pcs","Rp 464.838","0%","Rp 464.838","Anak Mas Indah","Tangerang","0"
"Ramen Gorilla Instant Noodle Kuah Kari Super Pedas","Rp 11.000","0%","Rp 11.000","BKenz","Surabaya","0"
"INDOMIE Real Meat Rasa Ayam Jamur 110gr","Rp 9.000","0%","Rp 9.000","Sunny shop 83","Jakarta Timur","5"
"LALADO Rendang Rawit 50gr","Rp 15.500","0%","Rp 15.500","toserda","Bandung","0"
"Seblak Baper Instan Special Iga","Rp 29.000","0%","Rp 29.000","Bude.Baby","Bandung","0"
"BIDADARI Abon Ayam Pedas 100gr","Rp 27.500","0%","Rp 27.500","toserda","Bandung","0"
"GAGA 1000 Mie Goreng 60gr","Rp 3.000","0%","Rp 3.000","BIZ MART","Tangerang","0"
"Makaroni Asin 500gram Grosir","Rp 34.900 - Rp 65.000","0%","Rp 34.900 - Rp 65.000","Sasimi","Bandung","0"
"INDOMIE Kaldu Ayam 1Karton Isi 40pcs","Rp 80.325","0%","Rp 80.325","BIZ MART","Tangerang","5"
"Abon Ikan Salmon","Rp 25.000","0%","Rp 25.000","Hazalea Distr","Cilacap","0"
"KNORR Mashed Potato Mix 500g - isi 12pcs","Rp 569.675","0%","Rp 569.675","Anak Mas Indah","Tangerang","0"
"Parcel Fantastis","Rp 175.000","0%","Rp 175.000","PRATAMA SUPERMARKET BANGUNAN","Bekasi","0"
"KNORR Cream Soup Chicken 1 KG Event WKR","Rp 91.600","0%","Rp 91.600","Unilever Food Solutions","Tangerang","5"
"TROPICANA SLIM Mie Instant Ayam Bakar 64gr 5pcs","Rp 45.000","0%","Rp 45.000","Nutrimart","Jakarta Timur","0"
"Cilok Baper Sambal Hejo 230gr Isi 10pcs","Rp 29.000","0%","Rp 29.000","Bude.Baby","Bandung","0"
"Seblak Baper Instan Cilok Cabe Cabean 330gr","Rp 29.000","0%","Rp 29.000","Bude.Baby","Bandung","0"
"DAAI Vegan Noodle","Rp 3.600","0%","Rp 3.600","Toko King Angello","Tangerang","5"
"POP MIE Goreng Special 80gr Isi 12pcs","Rp 48.615","0%","Rp 48.615","BIZ MART","Tangerang","0"
"Abon Ikan Tuna rasa Manis","Rp 23.000","0%","Rp 23.000","Hazalea Distr","Cilacap","0"
"INDOMIE Goreng Rasa Tahu Tek 85gr","Rp 6.600","0%","Rp 6.600","BIZ MART","Tangerang","0"
"KNORR MASHED POTATO MIX 500G","Rp 55.578","0%","Rp 55.578","Unilever Food Solutions","Tangerang","5"
"SAMYANG Mie Instan Ice Hot Chicken 151gr","Rp 22.000","0%","Rp 22.000","toserda","Bandung","5"
"LAKOCA Cuanki Instan 100gr","Rp 14.000","0%","Rp 14.000","toserda","Bandung","5"
"INDOMIE Real Meat Rasa Ayam Jamur 110gr","Rp 9.000","0%","Rp 9.000","Bunda Shop","Tangerang Selatan","5"
"ABON LEKER Lele Keremes Extra Pedas 85gr","Rp 25.500","0%","Rp 25.500","toserda","Bandung","0"
"BURUNG DARA Mie Urai Original 140g Isi 2pcs","Rp 7.560","0%","Rp 7.560","BIZ MART","Tangerang","0"
"Seblak Baper Instan Kikil","Rp 29.000","0%","Rp 29.000","Bude.Baby","Bandung","0"
"CAP AYAM 2 Telor Mie Kering 200gr","Rp 8.610","0%","Rp 8.610","BIZ MART","Tangerang","0"
"Pop Mie Dower Rasa Ayam Pedas Pcs","Rp 7.500","0%","Rp 7.500","IDMARCO","Jakarta Timur","0"
"Butil Hidroksi Anisol 20 kg Isi 1 pack","Rp 545.000","0%","Rp 545.000","PT. RAKSASA BISNIS INDONESIA","Tangerang","0"
"ROMA Malkist Abon Cracker 135gr Isi 6pcs","Rp 35.000","0%","Rp 35.000","PRATAMA SUPERMARKET BANGUNAN","Bekasi","0"
"INDOMIE Goreng 1Karton Isi 40pcs","Rp 86.960","0%","Rp 86.960","BIZ MART","Tangerang","5"
"WRP Jelly Drink Apple 200ml Isi 12pack 2TP","Rp 224.400","0%","Rp 224.400","Nutrimart","Jakarta Timur","0"
"INDOMIE Instan Ayam Bawang","Rp 85.600","0%","Rp 85.600","Klikmart","Tangerang Selatan","0"
"Kurban Berdayakan Desa Sapi - BAZNAS","Rp 18.000.000","0%","Rp 18.000.000","BAZNAS","Jakarta Pusat","0"
"SAMYANG Mie Instan Hot Chicken Ramen 140gr","Rp 19.500","0%","Rp 19.500","toserda","Bandung","5"
"SAMYANG Mie Instan Cheese 140gr","Rp 23.500","0%","Rp 23.500","toserda","Bandung","5"
"SAMYANG Mie Instan Stew 145gr","Rp 22.000","0%","Rp 22.000","toserda","Bandung","0"
"Nasi Jagung Instan Super Nasi Jagung Untuk Diet","Rp 8.900 - Rp 11.500","0%","Rp 8.900 - Rp 11.500","CV. Vallenca Corpora","Blitar","0"
"POP MIE Baso Special 1Karton Isi 24 Cup","Rp 99.750","0%","Rp 99.750","BIZ MART","Tangerang","0"
"ROYAL SANDWICH Paket F Isi 3 Varian Rasa","Rp 105.000","0%","Rp 105.000","Pesona Nusantara","Jakarta Barat","0"
"Brownies Ping Keping Chocochip","Rp 17.500 - Rp 24.900","0%","Rp 17.500 - Rp 24.900","Sasimi","Bandung","0"
"BURUNG DARA Mie Kering 3pcs 136gr","Rp 6.405","0%","Rp 6.405","BIZ MART","Tangerang","0"
"SEDAAP Mie Goreng 1Karton Isi 40pcs","Rp 84.420","0%","Rp 84.420","BIZ MART","Tangerang","5"
"POP MIE Ayam 1Karton Isi 24Cup","Rp 86.887","0%","Rp 86.887","BIZ MART","Tangerang","0"
"POP MIE Soto 1Karton Isi 24Cup","Rp 86.887","0%","Rp 86.887","BIZ MART","Tangerang","5"
"INDOMIE Goreng Rasa Ayam Geprek Bundling 40 Pcs","Rp 93.700","0%","Rp 93.700","IDMARCO","Jakarta Timur","0"
"KNORR Mashed Potato 2kg - isi 1pcs","Rp 175.395","0%","Rp 175.395","Anak Mas Indah","Tangerang","0"
"INDOMIE Ayam Special 85gr 1Karton Isi 40pcs","Rp 81.300","0%","Rp 81.300","BIZ MART","Tangerang","0"
"ABC Mie Gulai Ayam Pedas 70gr 1Karton Isi 40pcs","Rp 77.385","0%","Rp 77.385","BIZ MART","Tangerang","5"
"INDOMIE Kari Ayam 40pcs/Dus","Rp 93.000","0%","Rp 93.000","Khaira Jaya","Jakarta Utara","4.5"
"Kurban Berdayakan Desa - BAZNAS","Rp 3.000.000","0%","Rp 3.000.000","BAZNAS","Jakarta Pusat","0"
"SAMYANG Mie Instan Samyang Nucler 140gr","Rp 24.000","0%","Rp 24.000","toserda","Bandung","5"
"Golden Tamr Premium Dates","Rp 60.000","0%","Rp 60.000","khalifah","Depok","5"
"SARIMI Ayam Bawang 75gr 1Karton Isi 40pcs","Rp 81.795","0%","Rp 81.795","BIZ MART","Tangerang","0"
"Seblak Baper Instan Special Urat","Rp 31.000","0%","Rp 31.000","Bude.Baby","Bandung","0"
"Kripik Baso Goreng / Basreng Pedas","Rp 14.900 - Rp 19.000","0%","Rp 14.900 - Rp 19.000","Sasimi","Bandung","0"
"INDOMIE Mie Goreng","Rp 2.500","0%","Rp 2.500","Toko King Angello","Tangerang","5"
"SUPER BIHUN Instant Lezat","Rp 10.300","0%","Rp 10.300","Toko King Angello","Tangerang","5"
"SEDAAP Mie Kari Ayam 1Karton Isi 40pcs","Rp 79.117","0%","Rp 79.117","BIZ MART","Tangerang","0"
"Cincau Hitam","Rp 3.100","0%","Rp 3.100","Paskomnas","Tangerang","0"
"Abon Ikan Tuna rasa Pedas","Rp 25.000","0%","Rp 25.000","Hazalea Distr","Cilacap","0"
"BOBO Cheese Tofu 30x147Gr/Ctn","Rp 807.000","0%","Rp 807.000","FingerLand","Jakarta Pusat","0"
"LA FONTE Pasta-Spaghetti No.11 10x1000Gr/Ctn","Rp 255.000","0%","Rp 255.000","FingerLand","Jakarta Pusat","0"
"KNORR Cream Of Soup Base / Bahan Dasar Sup Krim 1kg - isi 6pcs","Rp 433.482","0%","Rp 433.482","Anak Mas Indah","Tangerang","0"
"Seblak Baper Instan Cireng Sambel Hejo 215gr","Rp 15.000","0%","Rp 15.000","Bude.Baby","Bandung","5"
"Kurban Untuk Pengungsi Palestina","Rp 3.000.000","0%","Rp 3.000.000","BAZNAS","Jakarta Pusat","0"
"INDOMIE Ayam Special 40 Pcs/ctn","Rp 92.000","0%","Rp 92.000","Khaira Jaya","Jakarta Utara","4.67"
"INDOMIE Soto 1Dus Isi 40pcs","Rp 90.000","0%","Rp 90.000","oq mart","Tangerang Selatan","5"
"Sambal Ikan Tuna","Rp 28.000","0%","Rp 28.000","Hazalea Distr","Cilacap","0"
"INDOMIE Instan Soto 75g","Rp 85.600","0%","Rp 85.600","Klikmart","Tangerang Selatan","0"
"POP MIE Ayam Bawang 1Karton Isi 24Cup","Rp 99.330","0%","Rp 99.330","BIZ MART","Tangerang","0"
"Kurban Berdayakan Desa 1/7 Sapi - BAZNAS","Rp 3.000.000","0%","Rp 3.000.000","BAZNAS","Jakarta Pusat","0"